record_id,authors,year,title,journal_or_publisher,volume,issue,pages_or_article_number,doi_or_identifier,official_url,evidence_role,claim_supported,transfer_limit,snapshot_title,title_verification_status,year_matches_snapshot,source_local_status,source_path,source_sha256
CRST01,Giever PM; Sack RL,1990,Similitude considerations for roof snow loads,Cold Regions Science and Technology,19,1,59-71,10.1016/0165-232X(90)90018-R,https://doi.org/10.1016/0165-232X(90)90018-R,roof-load methods,Laboratory roof-snow loads require explicit similitude for prototype interpretation.,The retained source does not supply a universal scaling rule for this model.,Similitude considerations for roof snow loads,exact,True,verified,data/raw/published_sources/20260924T103000Z/crst01.json,09137a992dd45e7e9f52ac600baa875aae36dd2bc821605fc3fb94146a6ff89d
CRST02,Thiis TK; Gjessing Y,1999,Large-scale measurements of snowdrifts around flat-roofed and single-pitch-roofed buildings,Cold Regions Science and Technology,30,1-3,175-181,10.1016/S0165-232X(99)00021-X,https://doi.org/10.1016/S0165-232X(99)00021-X,roof deposition,Roof geometry and wind orientation materially changed surrounding snowdrift size in same-footprint models.,Drift observations do not validate the present sliding model.,Large-scale measurements of snowdrifts around flat-roofed and single-pitch-roofed buildings,exact,True,verified,data/raw/published_sources/20260924T103000Z/crst02.json,36dfe7de103395dd61e5c57d5c1edc972fb5d87fc6a17af84d7b6c5e898976ba
CRST03,Zhou X; Kang L; Yuan X; Gu M,2016,Wind tunnel test of snow redistribution on flat roofs,Cold Regions Science and Technology,127,,49-56,10.1016/j.coldregions.2016.04.006,https://doi.org/10.1016/j.coldregions.2016.04.006,roof deposition,"Wind-tunnel tests found nonuniform flat-roof deposition and transport dependent on wind velocity, span, and duration.",Silica-sand redistribution is not direct roof-snow shedding validation.,Wind tunnel test of snow redistribution on flat roofs,exact,True,verified,data/raw/published_sources/20260924T103000Z/crst03.json,eb8a99845062632a845dcfeafe5c13e6b5202028241a0b2394e039ddfe7d50c5
CRST04,Tominaga Y,2018,Computational fluid dynamics simulation of snowdrift around buildings: Past achievements and future perspectives,Cold Regions Science and Technology,150,,2-14,10.1016/j.coldregions.2017.05.004,https://doi.org/10.1016/j.coldregions.2017.05.004,model validation,"Building snow simulations require empirical validation, validation databases, and explicit limitations.",Review guidance does not validate any specific parameter in this study.,Computational fluid dynamics simulation of snowdrift around buildings: Past achievements and future perspectives,exact,True,verified,data/raw/published_sources/20260924T103000Z/crst04.json,2f7a9228273a3c6bed1efc35e11615ee1b42ba1c2c6277bb6a843fad8deee331
CRST05,Sun X; He R; Wu Y,2018,Numerical simulation of snowdrift on a membrane roof and the mechanical performance under snow loads,Cold Regions Science and Technology,150,,15-24,10.1016/j.coldregions.2017.09.007,https://doi.org/10.1016/j.coldregions.2017.09.007,nonuniform load,A validated deposition workflow coupled nonuniform snow distributions to structural analysis and compared them with uniform loading.,This study does not model passive shedding or graded surfaces.,Numerical simulation of snowdrift on a membrane roof and the mechanical performance under snow loads,exact,True,verified,data/raw/published_sources/20260924T103000Z/crst05.json,453f874bdf6ef39ef107c9450c0a9a2ac4dcda9ada40d34c75778269f3b0b10f
CRST06,Zhang G; Zhang Q; Fan F; Shen S,2021,Numerical simulations of development of snowdrifts on long-span spherical roofs,Cold Regions Science and Technology,182,,103211,10.1016/j.coldregions.2020.103211,https://doi.org/10.1016/j.coldregions.2020.103211,roof deposition,"A multiphase model reproduced balanced, unbalanced, and transitional roof-snow distributions and edge slipping.",Different roof geometry and deposition physics limit direct parameter transfer.,Numerical simulations of development of snowdrifts on long-span spherical roofs,exact,True,verified,data/raw/published_sources/20260924T103000Z/crst06.json,d7250d522e5620fb5fb1c6bff6cd0bef4e5d57e09db2a5bcc49f890f0c9c3031
CRST07,Pawluk RE; Rezvanpour M; Chen Y; She Y,2021,A sensitivity analysis on effective parameters for sliding/melting prediction of snow cover on solar photovoltaic panels,Cold Regions Science and Technology,185,,103262,10.1016/j.coldregions.2021.103262,https://doi.org/10.1016/j.coldregions.2021.103262,adjacent sliding evidence,Snow transmittance and transmitted solar radiation improved inclined-PV snow clearing predictions.,"Photovoltaic panels are an adjacent surface, not general roof-system validation.",A sensitivity analysis on effective parameters for sliding/melting prediction of snow cover on solar photovoltaic panels,exact,True,verified,data/raw/published_sources/20260924T103000Z/crst07.json,70c00f626cbdad6b98d05a74528db4e7d86d0d40b2893665b2a0906bfd17a229
CRST08,Zhang B; Zhang Q; Mo H; Fan F; Lehning M,2022,Considering snow depositions and transport mechanisms in meteorological analysis of predicting snow loads on buildings,Cold Regions Science and Technology,201,,103614,10.1016/j.coldregions.2022.103614,https://doi.org/10.1016/j.coldregions.2022.103614,weather forcing,Precipitation-only estimates omit joint snowfall-wind deposition and transport mechanisms.,The present proof-of-concept omits wind redistribution and must state that limitation.,Considering snow depositions and transport mechanisms in meteorological analysis of predicting snow loads on buildings,exact,True,verified,data/raw/published_sources/20260924T103000Z/crst08.json,5e0488102cf707a81fcad7c5a6a670509b9963faf392f545215488815a84f78e
CRST09,Zhou X; Zhang T; Liu Z; Gu M,2023,A study of snow drifting on monoslope roofs during snowfall: Wind tunnel test and numerical simulation,Cold Regions Science and Technology,206,,103731,10.1016/j.coldregions.2022.103731,https://doi.org/10.1016/j.coldregions.2022.103731,slope effects,Monoslope tests separated lower-slope from higher-slope drift behavior and found strong approach-velocity effects.,Deposition trends are not direct friction or shedding coefficients.,A study of snow drifting on monoslope roofs during snowfall: Wind tunnel test and numerical simulation,exact,True,verified,data/raw/published_sources/20260924T103000Z/crst09.json,da050ae41c328bff197d09234979418d47d2fffa49eab1f8f559a868ce1f20bb
CRST10,Zou J; Sun X; Zhou H,2023,Sensitivity analysis and practical application of an automatic snow-melting membrane roof,Cold Regions Science and Technology,206,,103754,10.1016/j.coldregions.2022.103754,https://doi.org/10.1016/j.coldregions.2022.103754,active comparator,An electrical-thermal membrane-roof model evaluated heating and weather controls.,"Active melting is contextual comparison only, not passive-control evidence.",Sensitivity analysis and practical application of an automatic snow-melting membrane roof,exact,True,verified,data/raw/published_sources/20260924T103000Z/crst10.json,643f43560e8c36d67ff667a2faf331d115d91b448f3742180c2ced098a8525af
CRST11,Tominaga Y; Igarashi K; Wakui M; Motoyoshi H; Ito Y,2025,Measurement and estimation of temporal variations of roof snow load on semi-full-scale building model,Cold Regions Science and Technology,232,,104445,10.1016/j.coldregions.2025.104445,https://doi.org/10.1016/j.coldregions.2025.104445,field validation target,"Load cells, drainage, meteorology, and ground snow measurements formed a roof-load validation dataset.",The current study has not calibrated against these measurements.,Measurement and estimation of temporal variations of roof snow load on semi-full-scale building model,exact,True,verified,data/raw/published_sources/20260924T103000Z/crst11.json,360e6a7336618f55d8d96d621dfaded36b35825c9466b5f3ae7d9ce9511c9ff8
CRST12,Fasani D; Cernuschi F; Wolfsperger F; Balordi M; Colombo LPM,2026,Shear and tensile adhesion of dry and wet snow on metallic surfaces,Cold Regions Science and Technology,249,,104971,10.1016/j.coldregions.2026.104971,https://doi.org/10.1016/j.coldregions.2026.104971,interface mechanics,Snow liquid-water content and metallic-surface roughness strongly affected shear and tensile adhesion.,Material-interface evidence is not a roof-system parameter set.,Shear and tensile adhesion of dry and wet snow on metallic surfaces,exact,True,verified,data/raw/published_sources/20260924T103000Z/crst12.json,57e913a6f302d9bc90870a86ebc9dd34f77b05e777b3bb5890130d69abea06fe
JP01,Kimura T,1989,Change of removing technique of snow on roof and recent situation of its technical development,Snow and Ice,51,2,111-117,10.5331/seppyo.51.111,https://doi.org/10.5331/seppyo.51.111,Japanese retention practice,M-roof development addressed eave ice and icicle hazards rather than meaningful solar melting through the retained snowpack.,Historical Japanese practice is not a universal assembly specification.,Change of removing technique of snow on roof and recent situation of its technical development,exact,True,verified,data/raw/published_sources/20260924T103000Z/jp01.json,4ebd0e9e5c10c13f135b670e3897ac09975d68bdb8f108fef822abc389c2b5f9
JP02,Hokkaido Research Organization; Hokkaido Building Guidance Center,2017,Planning roof-snow treatment for detached houses,Official technical guide,,,,official guide,https://www.hro.or.jp/upload/51707/yanenoyukishori.pdf,Japanese retention practice,"M-shaped, low-slope, retention, and shedding strategies must be integrated with envelope, drainage, site, and maintenance planning.",Regional guidance and numerical rules cannot be generalized globally.,Planning roof-snow treatment for detached houses,exact,True,verified,data/raw/published_sources/20260924T103000Z/jp_hro.pdf,5555aa6460fcfefb1d419a3998bc2dc70680977419aa7742bc9ffcbcdad66211
JP03,Niigata Prefecture,2006,Technical material on characteristics and design ideas for roof-snow treatment,Official prefectural technical material,,,,official guidance,https://www.pref.niigata.lg.jp/uploaded/attachment/135532.pdf,strategy taxonomy,"Japanese practice distinguishes shedding, melting, and load-resisting roof strategies and recognizes system costs.",Regional examples are not universal design rules.,Technical material on characteristics and design ideas for roof-snow treatment,exact,True,verified,data/raw/published_sources/20260924T103000Z/jp_niigata.pdf,d4bb23309615cd12b7a8638aac53bf793f279288c18a2c440c753198989d29a5
JP04,Takakura M; Ito T; Tomabechi T,2003,Assessment of the effectiveness of snow guards on a sloped roof,AIJ Journal of Technology and Design,9,17,67-70,10.3130/aijt.9.67_1,https://doi.org/10.3130/aijt.9.67_1,snow restraint,Wet granular snow had low interface friction and tested snow-guard strength varied substantially.,Reported roof angles and guard spacing are test-specific.,ASSESSMENT OF THE EFFECTIVENESS OF SNOW GUARDS ON A SLOPED ROOF(Structures),verified_metadata_variant,True,verified,data/raw/published_sources/20260924T103000Z/jp04.json,968434a185f647186afed25aab0b2a014d7cba7f88e5f7fff873687a14eb43d4
JP05,Tomabechi T; Takakura M; Ito T,1996,Influence of the surface roughness of roofing materials on snow sliding,Journal of Snow Engineering of Japan,12,3,205-211,10.4106/jsse.12.205,https://doi.org/10.4106/jsse.12.205,surface mechanics,Friction depended on roughness and snow water content; adhesion depended on water repellency and roughness.,Material- and test-specific findings do not define universal coefficients.,Influence of the surface roughness of roofing materials on snow sliding,exact,True,verified,data/raw/published_sources/20260924T103000Z/jp05.json,e98fa296f5538b35f6979d253bc6a7d90163d0b66a1dd33388d4110bb34e5519
JP06,Ito T; Tomabechi T; Mitsuhashi H,1997,Evaluation and Maintenance of Snow Sliding Performance of Coated Steel Roofing Used for Sloped Roof,Journal of Snow Engineering of Japan,13,3,244-252,10.4106/jsse.13.244,https://doi.org/10.4106/jsse.13.244,surface aging,Ultraviolet and mechanical aging changed coated-steel snow-sliding performance.,Findings are material-specific and do not fix the model's aging law.,Evaluation and Maintenance of Snow Sliding Performance of Coated Steel Roofing Used for Sloped Roof,exact,True,verified,data/raw/published_sources/20260924T103000Z/jp06.json,a262c1300586ac38fca9b3717b6c759abd98d528cd9e9b4bb33af6e6bf6d210e
JP07,Asano Y; Iwai K,1995,Experimental Study on the Snow Removal on the Roof by Snow-Melting System in Northern Area of Nagano Prefecture,Journal of Architecture Planning and Environmental Engineering,60,476,57-65,10.3130/aija.60.57_3,https://doi.org/10.3130/aija.60.57_3,active comparator,Partial melting was more energy- and construction-efficient than complete melting in the study context.,Single-region active-system results are not passive-roof evidence.,EXPERIMENTAL STUDY ON THE SHOW REMOVAL ON THE ROOF BY SNOW-MELTING SYSTEM IN NORTHERN AREA OF NAGANO PREFECTURE,verified_metadata_variant,True,verified,data/raw/published_sources/20260924T103000Z/jp07.json,480b9bf6a942c12b44ac41ce42a4b38f13d9e6019f5947913f6738de34bc4c08
JP08,Chiba T et al.,2021,Fundamental study for elucidating snow cornice formation mechanism of flat roofs based on wind tunnel test using natural snow,Snow and Ice,83,3,249-258,10.5331/seppyo.83.3_249,https://doi.org/10.5331/seppyo.83.3_249,retention limitation,Flat or non-shedding roofs can form hazardous cornices through wind transport and edge deposition.,Cornice physics are outside the current model.,Fundamental study for elucidating snow cornice formation mechanism of flat roofs based on wind tunnel test using natural snow,exact,True,verified,data/raw/published_sources/20260924T103000Z/jp08.json,c74ea6a3bcd517eac48c7196b0939a9cd914a4fe31207f5ffd0234620ba53a1a
JP09,Sapporo City,2025,Measures to prevent hazards caused by falling ice and snow,Municipal administrative guidance,,,,Sapporo Building Standards Ordinance Article 12 guidance,https://www.city.sapporo.jp/toshi/k-shido/kakuninn/yukidome/yukidome.html,administrative context,"Setback, guards, retention roofing, or equivalent measures may be accepted, but approval does not guarantee zero falling snow or ice.",Municipal guidance is contextual and does not establish global safety.,Measures to prevent hazards caused by falling ice and snow,exact,True,verified,data/raw/published_sources/20260924T103000Z/jp_sapporo.html,a0b2cc59ecb908d50f017587dab1f5ef932bea4c1ce1beb0f2025135abc73de3
JP10,Watanabe M; Takita M,1997,Fundamental Study on Control of Roof Snow Sliding,Journal of Snow Engineering of Japan,13,1,3-12,10.4106/jsse.13.3,https://doi.org/10.4106/jsse.13.3,Japanese retention practice,"Retention roofs reduce required snow-fall space and can suit dense urban sites, while requiring adequate structural capacity for long-duration snow load.",The regional planning discussion does not establish universal roof-system superiority.,Fundamental Study on Control of Roof Snow Sliding,exact,True,verified,data/raw/published_sources/20260925T042713Z/jp10.json,4ca24bcd1c9f53b10a05d250e3ec4bd1e1d3f7006feea8a0723e58a62d22199e
