design_class,seed,pareto_designs,minimum_l_max_kg_per_m,minimum_s_max_kg_per_m,normalized_hypervolume,additive_epsilon_vs_combined
geometry,1701,104,159.67537858397307,0.0,0.2533228702065293,0.04282923198573485
geometry,2903,57,160.22526847994345,0.0,0.22988611680547866,0.05288614522663482
geometry,4517,247,159.67537858397307,0.0,0.2613048366851374,0.042502685544493435
surface,1701,731,79.99900000642742,0.0,0.09240513419773272,2.220446049250313e-16
surface,2903,434,79.99900000642742,0.0,0.09240513419773282,0.0
surface,4517,567,79.99900000642742,0.0,0.09240513419773282,0.0
joint,1701,610,79.99900000642742,0.0,0.26770320629020455,0.25381195257296035
joint,2903,664,79.99900000642742,0.0,0.33641988126028194,0.21063189637213175
joint,4517,658,79.99900000642742,0.0,0.30022543105236965,0.2531660894367925
