generation,l_max_kg_per_m,s_max_kg_per_m,constraint,x_00,x_01,x_02,x_03,x_04,x_05,x_06,x_07
18,79.99900000642742,79.99900000642742,-12.0,0.1520140741293788,0.1400426962276842,0.3683620579852052,0.3441802050578869,5.150553720977726,121.76918103619612,23.07101762467648,89.91470908310836
20,79.99900000642742,79.99900000642742,-12.0,0.1520140741293788,0.1400426962276842,0.3683620579852052,0.3441802050578869,5.150553720977726,121.7760876445066,23.07101762467648,100.27454536954416
20,79.99900000642742,79.99900000642742,-12.0,0.1520140741293788,0.1400426962276842,0.3602072009806637,0.3441802050578869,5.150553720977726,121.73458833908934,23.07101762467648,89.91470908310836
20,79.99900000642742,79.99900000642742,-12.0,0.1520140741293788,0.1400426962276842,0.3683620579852052,0.3441802050578869,5.150553720977726,108.83571203924852,23.07101762467648,89.91470908310836
21,79.99900000642742,79.99900000642742,-12.0,0.1520140741293788,0.1400426962276842,0.3515725928823148,0.3441802050578869,5.150553720977726,122.25330082494752,23.07101762467648,92.50674250219554
21,79.99900000642742,79.99900000642742,-12.0,0.1163264058933393,0.1400426962276842,0.3683620579852052,0.3309073681614288,5.150553720977726,109.12714633648652,43.23856539084756,91.47196403611945
22,79.99900000642742,79.99900000642742,-12.0,0.1520140741293788,0.1400426962276842,0.2637073184897852,0.3636201279623731,5.150553720977726,121.16794937324524,23.397127527583763,89.87304390480128
23,79.99900000642742,79.99900000642742,-12.0,0.2487601482585869,0.1400426962276842,0.3683620579852052,0.3441802050578869,5.150553720977726,102.96582126284044,22.612159664967518,89.91470908310836
23,79.99900000642742,79.99900000642742,-12.0,0.1520140741293788,0.1367440022874847,0.3683620579852052,0.3441802050578869,4.569681829039631,122.7968521805352,23.07101762467648,83.72278312088558
23,79.99900000642742,79.99900000642742,-12.0,0.1487583440754696,0.1400426962276842,0.3515725928823148,0.3441802050578869,4.332359967474019,122.1607807602808,23.07101762467648,92.50674250219554
23,79.99900000642742,79.99900000642742,-12.0,0.1520140741293788,0.1319687359394792,0.3602072009806637,0.3441802050578869,5.150553720977726,121.73458833908934,23.07101762467648,89.91470908310836
23,79.99900000642742,79.99900000642742,-12.0,0.1520140741293788,0.1400426962276842,0.2637073184897852,0.3635925063855224,5.150553720977726,121.16794937324524,23.397127527583763,89.84571739882674
23,79.99900000642742,79.99900000642742,-12.0,0.1520140741293788,0.1400426962276842,0.3681283940839358,0.3324773782858458,5.150553720977726,121.76918103619612,43.21600961006055,89.91470908310836
23,79.99900000642742,79.99900000642742,-12.0,0.1520140741293788,0.1400426962276842,0.3683620579852052,0.3441802050578869,5.150553720977726,121.76918103619612,14.8424829072209,89.91470908310836
23,79.99900000642742,79.99900000642742,-12.0,0.1520140741293788,0.1400426962276842,0.3515725928823148,0.3442078266347376,5.150553720977726,122.25330082494752,23.07101762467648,92.53406900817006
24,79.99900000642742,79.99900000642742,-12.0,0.1520140741293788,0.1400426962276842,0.2637073184897852,0.3635925063855224,9.034345404785196,121.16794937324524,23.397127527583763,78.49858144394456
24,79.99900000642742,79.99900000642742,-12.0,0.1201274334792821,0.1349910220367713,0.3683620579852052,0.2741865795699018,12.146210431072616,122.831444877642,24.45031502600464,89.91470908310836
24,79.99900000642742,79.99900000642742,-12.0,0.1487984000265246,0.1400426962276842,0.35300072261711,0.3441815043037582,5.192252030174922,122.25304220748224,23.07101762467648,68.54017985344953
24,79.99900000642742,79.99900000642742,-12.0,0.1520140741293788,0.1245925622602038,0.3683620579852052,0.3441802050578869,4.591809980215265,122.7968521805352,23.07101762467648,83.72278312088558
24,79.99900000642742,79.99900000642742,-12.0,0.1201274334792821,0.1409539697974579,0.3683620579852052,0.2741865795699018,12.146210431072616,121.587289293255,22.643204274119903,89.91470908310836
24,79.99900000642742,79.99900000642742,-12.0,0.1519740181783238,0.1400426962276842,0.3515725928823148,0.3442065273888662,4.290661658276823,122.16103937774606,23.07101762467648,92.50701902813454
24,79.99900000642742,79.99900000642742,-12.0,0.2487601482585869,0.1401347169163842,0.3683620579852052,0.3441802050578869,5.150553720977726,102.4009390553278,24.41927041685225,89.91470908310836
25,79.99900000642742,79.99900000642742,-12.0,0.1520140741293788,0.1401240806415258,0.3683620579852052,0.3441802050578869,5.150553720977726,121.75387218154454,23.07101762467648,100.27454536954416
25,79.99900000642742,79.99900000642742,-12.0,0.1520140741293788,0.1400426962276842,0.3519970928404579,0.3441760245801417,5.150553720977726,122.25330082494752,23.07101762467648,92.53406900817006
25,79.99900000642742,79.99900000642742,-12.0,0.2543161156071121,0.1400378996204163,0.3680118319067002,0.3441802050578869,5.150553720977726,102.4009390553278,23.115552660340207,89.40374993314161
25,79.99900000642742,79.99900000642742,-12.0,0.1188117601074745,0.1349910220367713,0.3517742472896787,0.2340733637072198,4.79264464376508,122.17977433712308,24.45031502600464,89.91470908310836
25,79.99900000642742,79.99900000642742,-12.0,0.1181230472377503,0.1245925622602038,0.3661730200582623,0.3486911801147048,4.591809980215265,122.7968521805352,23.07101762467648,91.84105348774976
25,79.99900000642742,79.99900000642742,-12.0,0.1145448706941083,0.1360625111483353,0.3683620579852052,0.2741865795699018,12.146210431072616,122.85366034060408,24.45031502600464,89.91470908310836
25,79.99900000642742,79.99900000642742,-12.0,0.1266517500713577,0.1400426962276842,0.3679375580270621,0.3442120071124828,2.307242873998252,121.76918103619612,23.07101762467648,89.91470908310836
25,79.99900000642742,79.99900000642742,-12.0,0.1464581148657285,0.1401395135236521,0.3519228189608198,0.3442078266347376,5.150553720977726,122.25330082494752,24.37473538118852,93.04502815813682
25,79.99900000642742,79.99900000642742,-12.0,0.151693604026983,0.1400426962276842,0.3683620579852052,0.3442064998505575,4.250069536704645,103.53525090065608,22.6247785377558,89.91470908310836
25,79.99900000642742,79.99900000642742,-12.0,0.1500740174491049,0.1400426962276842,0.3681604035778413,0.3441802050578869,11.685926458462507,122.81245130079972,6.149938612024066,92.50674250219554
25,79.99900000642742,79.99900000642742,-12.0,0.1520140741293788,0.1399545750835656,0.2620820424354632,0.3441802050578869,4.509223958664878,119.0805354643562,22.04744723405304,89.91470908310836
26,79.99900000642742,79.99900000642742,-12.0,0.1520140741293788,0.1400426962276842,0.3683597732404259,0.3442078266347376,4.590552116222725,122.24087096266834,23.07101762467648,92.53406900817006
26,79.99900000642742,79.99900000642742,-12.0,0.1520140741293788,0.1400426962276842,0.3723508070033277,0.3325315297365079,4.171513175384613,121.76918103619612,43.21600961006055,89.91470908310836
26,79.99900000642742,79.99900000642742,-12.0,0.1520140741293788,0.1400426962276842,0.3683620579852052,0.3441802050578869,5.150553720977726,121.76918103619612,14.8424829072209,90.06452179410645
26,79.99900000642742,79.99900000642742,-12.0,0.1171364154528096,0.1400426962276842,0.3602072009806637,0.3441802050578869,5.150553720977726,121.5899135612012,42.26887683412836,89.91045272198237
26,79.99900000642742,79.99900000642742,-12.0,0.1876396941463778,0.1402785336456481,0.3687163693680743,0.3442070267400959,4.103074400002265,104.50464146483051,10.807846861257168,90.51170908897856
26,79.99900000642742,79.99900000642742,-12.0,0.1502263627211073,0.1400426962276842,0.3683620579852052,0.3442064998505575,4.931551277401065,90.72751185555724,36.80116539917825,88.94782627157605
26,79.99900000642742,79.99900000642742,-12.0,0.1520223412543921,0.1400426962276842,0.3990914928847031,0.3441802050578869,5.150553720977726,121.76918103619612,23.07101762467648,89.93445216006265
26,79.99900000642742,79.99900000642742,-12.0,0.1463407141999297,0.1400378996204163,0.3680118319067002,0.3441802050578869,5.150553720977726,102.4009390553278,23.115552660340207,89.38987592272744
26,79.99900000642742,79.99900000642742,-12.0,0.2496175091298474,0.1409194795874865,0.3683620579852052,0.2760607150842062,5.150553720977726,99.6138124537459,12.950528737531966,89.91470908310836
26,79.99900000642742,79.99900000642742,-12.0,0.1497269223771288,0.1319697617259,0.3517742472896787,0.2340733637072198,4.79264464376508,122.17977433712308,24.570460293242625,89.91470908310836
26,79.99900000642742,79.99900000642742,-12.0,0.1519740181783238,0.1211338258107702,0.3515725928823148,0.3442065273888662,4.290661658276823,122.16103937774606,23.07101762467648,92.50701902813454
26,79.99900000642742,79.99900000642742,-12.0,0.1520140741293788,0.1399545750835656,0.2578596295165356,0.3441260536072247,4.509223958664878,119.0805354643562,22.04744723405304,89.91470908310836
26,79.99900000642742,79.99900000642742,-12.0,0.1202205128871194,0.1147890843524957,0.3683620579852052,0.2406679438348994,12.146210431072616,100.4645299814931,41.78881293336444,91.53457587773642
26,79.99900000642742,79.99900000642742,-12.0,0.1210989118616084,0.1349899962503504,0.3602072009806637,0.3441802050578869,5.150553720977726,121.73458833908934,22.95087235743849,98.98950949679988
27,79.99900000642742,79.99900000642742,-12.0,0.1488046360367495,0.1400426962276842,0.3523536025378074,0.3442067002859729,5.192252030174922,111.96536034897932,23.42411402389301,68.54017985344953
27,79.99900000642742,79.99900000642742,-12.0,0.1201459494497626,0.1360625111483353,0.3683620579852052,0.2754477132503636,12.146210431072616,123.99782136844114,24.45031502600464,87.09552439317014
27,79.99900000642742,79.99900000642742,-12.0,0.1524737337250843,0.1351283059349959,0.3629655279421994,0.2286024151364754,7.2284553988719615,121.13184122048246,24.45031502600464,89.91470908310836
27,79.99900000642742,79.99900000642742,-12.0,0.1520140741293788,0.1319952844452029,0.3516855031025087,0.3635925063855224,5.150553720977726,121.16794937324524,23.397127527583763,89.84571739882674
27,79.99900000642742,79.99900000642742,-12.0,0.1520140741293788,0.1400425454025414,0.3679161731462778,0.3325315297365079,3.9871392105331696,102.67736230529066,22.86489191984919,89.91470908310836
27,79.99900000642742,79.99900000642742,-12.0,0.1519740181783238,0.1211338258107702,0.399421160875089,0.3441800021099498,4.277645550125648,121.76975872439836,23.07101762467648,108.7280316515589
27,79.99900000642742,79.99900000642742,-12.0,0.1502201267108825,0.1400426962276842,0.3790385392409907,0.3441813038683429,4.931551277401065,90.2906269482924,36.44806899997362,88.94782627157605
27,79.99900000642742,79.99900000642742,-12.0,0.1520140741293788,0.1353151339281332,0.3684608000143342,0.3442078266347376,4.583495428792742,122.24087096266834,23.07101762467648,88.09447644242812
27,79.99900000642742,79.99900000642742,-12.0,0.1534040650029677,0.1367440022874847,0.3689223932162079,0.3441802050578869,5.121830355529678,122.7968521805352,23.07101762467648,83.33753375202343
27,79.99900000642742,79.99900000642742,-12.0,0.1497269223771288,0.1400171735083814,0.2637960626769604,0.2340733637072198,4.79264464376508,122.17977433712308,24.570460293242625,89.91470908310836
27,79.99900000642742,79.99900000642742,-12.0,0.1198831044942063,0.1349910220367713,0.3683620579852052,0.3446748806312263,5.065077871692264,122.831444877642,24.42856043377837,89.91470908310836
27,79.99900000642742,79.99900000642742,-12.0,0.1463407141999297,0.1400380504455592,0.3499797239801198,0.3441802050578869,5.33492768582917,117.754661929706,43.46667035375148,89.38987592272744
27,79.99900000642742,79.99900000642742,-12.0,0.1520140741293788,0.1400426962276842,0.3683597732404259,0.3442068448062881,4.590552116222725,122.24087096266834,9.151343086856226,92.53406900817006
27,79.99900000642742,79.99900000642742,-12.0,0.1187272021617322,0.1400426962276842,0.3512429248919289,0.3442067303368034,5.163569829128901,122.16046168954384,26.91927790012905,92.578113167896
27,79.99900000642742,79.99900000642742,-12.0,0.250484012243436,0.1409194795874865,0.3683620579852052,0.2760607150842062,5.150553720977726,99.6138124537459,22.9528840501652,89.91452426409931
27,79.99900000642742,79.99900000642742,-12.0,0.1210989118616084,0.1397175585499015,0.3601061742067554,0.3441802050578869,5.157610408407709,121.73458833908934,22.95087235743849,98.98950949679988
28,79.99900000642742,79.99900000642742,-12.0,0.1520140741293788,0.1400426962276842,0.350114160564833,0.3442078266347376,4.590552116222725,122.27852944646024,43.70292788409103,103.68788379572896
28,79.99900000642742,79.99900000642742,-12.0,0.1429111783394822,0.1400380504455592,0.397082861924164,0.277628203226239,5.33492768582917,117.754661929706,43.46667035375148,87.45467209760785
28,79.99900000642742,79.99900000642742,-12.0,0.1520140741293788,0.1325068372292055,0.3200444329631242,0.344290660133692,5.150553720977726,121.13371335191508,23.416624425572877,89.7591033741419
28,79.99900000642742,79.99900000642742,-12.0,0.1520140741293788,0.1245326463903945,0.3683620579852052,0.3441802050578869,4.591809980215265,121.1741090440095,23.07101762467648,89.81205804008617
28,79.99900000642742,79.99900000642742,-12.0,0.1202205128871194,0.1147890843524957,0.3683620579852052,0.2406679438348994,12.146210431072616,100.4645299814931,22.63297816021752,91.53457587773642
28,79.99900000642742,79.99900000642742,-12.0,0.1520140741293788,0.1400426962276842,0.3754107908894202,0.3441799229031018,4.590665532631283,119.19276011689914,23.07101762467648,92.53406900817006
28,79.99900000642742,79.99900000642742,-12.0,0.1168608345739414,0.1400426962276842,0.3683620579852052,0.3441802050578869,4.164629393174054,121.76918103619612,14.8424829072209,89.4514033795702
28,79.99900000642742,79.99900000642742,-12.0,0.1185608345295338,0.1400426962276842,0.3788794396462983,0.3442067024969996,5.15969412861417,122.16046168954384,26.884719950734954,92.578113167896
28,79.99900000642742,79.99900000642742,-12.0,0.250484012243436,0.1408870749824167,0.3683620579852052,0.346622420164894,5.150553720977726,99.6138124537459,22.9528840501652,89.91452426409931
28,79.99900000642742,79.99900000642742,-12.0,0.1533431757702572,0.1399122535030779,0.3689223932162079,0.3442067296809823,5.120946574741678,111.83454022575634,23.07101762467648,83.56638848204571
28,79.99900000642742,79.99900000642742,-12.0,0.1489710036698716,0.1400426962276842,0.3071019529802103,0.3442067281257766,5.196127730689653,111.96536034897932,23.45867197328711,68.54017985344953
28,79.99900000642742,79.99900000642742,-12.0,0.1524737337250843,0.1351882218048052,0.3629655279421994,0.2286024151364754,7.2284553988719615,122.75458435700816,24.45031502600464,83.82543416390776
29,79.99900000642742,79.99900000642742,-12.0,0.1519740181783238,0.1252518440837564,0.3535331741430793,0.3487359535673426,4.290661658276823,122.16103937774606,36.98892707132913,92.50701902813454
29,79.99900000642742,79.99900000642742,-12.0,0.1216415120826921,0.1147890843524957,0.3683620579852052,0.2406072100502921,7.357998977899025,100.32075705653624,22.19764458153253,89.92698151661173
29,79.99900000642742,79.99900000642742,-12.0,0.1501027271023153,0.1405605971141539,0.3681604035778413,0.3441802050578869,11.685926458462507,122.81245130079972,6.572549843481529,92.50674250219554
29,79.99900000642742,79.99900000642742,-12.0,0.1524569011323055,0.1400428774685921,0.3639864293583353,0.3441802050578869,5.150553720977726,102.96582126284044,22.041947664952243,89.91470908310836
29,79.99900000642742,79.99900000642742,-12.0,0.1520140741293788,0.1332145193516349,0.368745722092268,0.3441802050578869,4.599267200931794,122.81664154687842,23.07101762467648,83.72278312088558
29,79.99900000642742,79.99900000642742,-12.0,0.1519740181783238,0.1205214849345961,0.4040559972120766,0.3441796753850623,4.277645550125648,121.76975872439836,23.07101762467648,99.96492903801156
29,79.99900000642742,79.99900000642742,-12.0,0.1500740174491049,0.1317077604664554,0.3404571912166289,0.3441802050578869,0.5812803618028592,122.78785648766342,5.175210539590758,89.9640682669434
29,79.99900000642742,79.99900000642742,-12.0,0.1210989118616084,0.1397175585499015,0.3601061742067554,0.3441802050578869,4.594734095586475,121.1422276608771,22.953666951499123,98.98950949679988
29,79.99900000642742,79.99900000642742,-12.0,0.1520140741293788,0.1368070261751757,0.3683620579852052,0.3441802050578869,4.569681829039631,122.23365377376176,23.07101762467648,92.67685364116792
29,79.99900000642742,79.99900000642742,-12.0,0.1185608345295338,0.1400426962276842,0.3788794396462983,0.3376147947408904,5.15969412861417,122.16046168954384,26.884719950734954,92.578113167896
29,79.99900000642742,79.99900000642742,-12.0,0.1356713846112687,0.1400426962276842,0.3499153405903636,0.3442078266347376,4.590552116222725,122.24054455361234,23.5549585406064,92.9523120077964
29,79.99900000642742,79.99900000642742,-12.0,0.1201459494497626,0.1360625111483353,0.3758099246255247,0.2754477132503636,12.146210431072616,123.99782136844114,24.45031502600464,87.09552439317014
29,79.99900000642742,79.99900000642742,-12.0,0.1520140741293788,0.1400426962276842,0.3685585932148953,0.3442078266347376,4.590552116222725,122.27885585551626,43.21898697028146,103.2696407961026
29,79.99900000642742,79.99900000642742,-12.0,0.1210989118616084,0.1348263992487205,0.3601061742067554,0.3441802050578869,5.157610408407709,121.73458833908934,22.95087235743849,98.98950949679988
30,79.99900000642742,79.99900000642742,-12.0,0.1499712749260769,0.1355166176032987,0.3681604035778413,0.3441802050578869,3.916252799148313,122.81245130079972,5.699450069290622,92.50674250219554
30,79.99900000642742,79.99900000642742,-12.0,0.1519741774909794,0.1250173850627469,0.35349086848901,0.3442078266347376,4.590552116222725,122.14305147387604,43.70292788409103,92.62015461869927
30,79.99900000642742,79.99900000642742,-12.0,0.1520124022837953,0.1400426962276842,0.3757153004292731,0.3442065273888662,4.290661658276823,119.14246924620684,23.07101762467648,92.50584481600222
30,79.99900000642742,79.99900000642742,-12.0,0.1520125307893673,0.1400426962276842,0.3520807728503112,0.3442068448062881,4.5958594143396985,122.24248193531012,22.67343176801937,92.53406900817006
30,79.99900000642742,79.99900000642742,-12.0,0.2487601482585869,0.1400426962276842,0.3683620579852052,0.3441802050578869,5.150553720977726,102.8204603575151,22.292944199270124,88.95967133680287
30,79.99900000642742,79.99900000642742,-12.0,0.1202205128871194,0.1155829678137047,0.368871322733212,0.2344487676381155,12.146210431072616,100.4645299814931,22.951461308613155,91.53457587773642
30,79.99900000642742,79.99900000642742,-12.0,0.151929656816892,0.1146103229722616,0.3538254302271604,0.3487359535673426,4.290661658276823,123.0510865754546,36.98892707132913,90.00487614208792
30,79.99900000642742,79.99900000642742,-12.0,0.1526522186491378,0.1147890843524957,0.3683620579852052,0.2406072100502921,7.357998977899025,100.32075705653624,22.19764458153253,89.92698151661173
30,79.99900000642742,79.99900000642742,-12.0,0.1168608345739414,0.1400426962276842,0.3683620579852052,0.3441802050578869,4.164629393174054,104.97072778333091,14.8424829072209,89.4514033795702
30,79.99900000642742,79.99900000642742,-12.0,0.1356712094504294,0.1404651614518064,0.4040559972120766,0.2774494450201404,2.706797161768624,121.80448547751917,23.06739560097265,87.83897915201095
30,79.99900000642742,79.99900000642742,-12.0,0.1519756900239073,0.1400426962276842,0.3512680833424618,0.3314373483701427,4.590665532631283,122.2113302484384,21.80276898694397,92.53524322030236
30,79.99900000642742,79.99900000642742,-12.0,0.101389940280796,0.1325068372292055,0.3200444329631242,0.344290660133692,5.150553720977726,121.13371335191508,23.416624425572877,89.7591033741419
30,79.99900000642742,79.99900000642742,-12.0,0.1431649605384927,0.1249102111096161,0.3683620579852052,0.3439591937369176,5.150553720977726,99.6138124537459,22.9528840501652,89.9130850558565
30,79.99900000642742,79.99900000642742,-12.0,0.1216415120826921,0.1254306054639905,0.3680698019011241,0.2406072100502921,7.357998977899025,99.43070985882773,22.19764458153253,92.42912440265832
30,79.99900000642742,79.99900000642742,-12.0,0.1201582945542543,0.1124793376791543,0.4025710952935224,0.3550282514304784,4.277645550125648,134.51204434816384,23.13156770731464,93.82243619099847
31,79.99900000642742,79.99900000642742,-12.0,0.1458815418917383,0.1214525145659261,0.3431308375005337,0.2304522928298971,12.146210431072616,106.64638873373572,22.95147901576696,91.45898246619107
31,79.99900000642742,79.99900000642742,-12.0,0.1520140741293788,0.1401200075193518,0.371801759381822,0.3441802050578869,5.150553720977726,121.17652517213116,23.07101762467648,89.89775899853629
31,79.99900000642742,79.99900000642742,-12.0,0.1520870911897994,0.1210963000046551,0.3071019529802103,0.3441802413127056,5.218146326967427,121.88933832091796,23.45867197328711,68.54017985344953
31,79.99900000642742,79.99900000642742,-12.0,0.1185608345295338,0.1400426962276842,0.3506156798642639,0.3372479159350431,4.305044753912573,122.16046168954384,26.884719950734954,92.50468126896244
31,79.99900000642742,79.99900000642742,-12.0,0.1499712749260769,0.1355166176032987,0.3681604035778413,0.3595289671620151,1.1055183883605109,122.81245130079972,5.699450069290622,92.50674250219554
31,79.99900000642742,79.99900000642742,-12.0,0.1520138202238019,0.1146714669034292,0.3685276468752413,0.3441802050578869,4.591809980215265,122.792200482455,36.96956949997788,83.21348154557779
31,79.99900000642742,79.99900000642742,-12.0,0.1431649605384927,0.1249102111096161,0.3502849390625913,0.3439554993885627,5.150553720977726,99.6138124537459,23.56364969553585,89.91047980794771
31,79.99900000642742,79.99900000642742,-12.0,0.1520140741293788,0.1400426962276842,0.3683597732404259,0.351857658115987,3.87696164018664,122.24087096266834,9.151343086856226,92.53406900817006
31,79.99900000642742,79.99900000642742,-12.0,0.1526350747185314,0.1101172545355543,0.3683375877019446,0.2303440554338414,7.357998977899025,100.32075705653624,22.19764458153253,89.92698151661173
31,79.99900000642742,79.99900000642742,-12.0,0.1520140741293788,0.1332145193516349,0.368745722092268,0.3441802050578869,4.599267200931794,122.81664154687842,16.721199033763988,83.72278312088558
31,79.99900000642742,79.99900000642742,-12.0,0.1519740181783238,0.1207300626069524,0.4038852631909483,0.2470197993310777,4.277645550125648,122.4483839526132,23.07101762467648,99.42582602875828
31,79.99900000642742,79.99900000642742,-12.0,0.1520140741293788,0.1400426962276842,0.3683597732404259,0.3441995759769076,5.140127987185713,122.32855343388016,9.4186429010915,89.60738227377362
31,79.99900000642742,79.99900000642742,-12.0,0.1540870087279537,0.1252518440837564,0.3817969339251137,0.3491028323731899,5.14531103297842,122.16103937774606,36.98892707132913,93.12274580391556
31,79.99900000642742,79.99900000642742,-12.0,0.1169105292135367,0.1108234016033285,0.4025710952935224,0.3435808602303976,4.277645550125648,134.51204434816384,23.453753170952258,93.82243619099847
31,79.99900000642742,79.99900000642742,-12.0,0.1519739739813295,0.1367440022874847,0.3683620579852052,0.3441800154114223,4.569681829039631,122.7968521805352,23.07101762467648,83.72278312088558
31,79.99900000642742,79.99900000642742,-12.0,0.1520124022837953,0.1400426962276842,0.3818010174316901,0.234002272928882,4.290661658276823,99.01997111796656,23.072337908426213,92.50201074176942
31,79.99900000642742,79.99900000642742,-12.0,0.1202205128871194,0.1155829678137047,0.3689015776368037,0.344653022099199,12.146210431072616,120.58702810973335,22.95014102486342,91.5384099519692
32,79.99900000642742,79.99900000642742,-12.0,0.1540870087279537,0.1390716398035135,0.3600107199762661,0.3491028323731899,5.14531103297842,122.16103937774606,37.689885284302605,93.17661751098632
32,79.99900000642742,79.99900000642742,-12.0,0.1499712749260769,0.1354294951157134,0.3664890348720004,0.3441802050578869,6.832898179858656,121.7290131118129,5.699450069290622,92.50674250219554
32,79.99900000642742,79.99900000642742,-12.0,0.101389940280796,0.1325068372292055,0.399606358196533,0.344290660133692,5.150553720977726,121.13371335191508,23.416624425572877,89.7591033741419
32,79.99900000642742,79.99900000642742,-12.0,0.1431649605384927,0.1249102111096161,0.3502849390625913,0.3439554993885627,5.150553720977726,106.21974102775086,23.56364969553585,89.91047980794771
32,79.99900000642742,79.99900000642742,-12.0,0.1479052110739269,0.1334820353550298,0.3431308375005337,0.2304522928298971,12.146210431072616,106.64638873373572,22.95147901576696,91.45898246619107
32,79.99900000642742,79.99900000642742,-12.0,0.1519740181783238,0.1020100329607613,0.4024378543846023,0.3435637825814929,4.290661658276823,134.12958091401774,13.094079564545394,92.50701902813454
32,79.99900000642742,79.99900000642742,-12.0,0.1520140741293788,0.1332145193516349,0.368745722092268,0.3441802050578869,4.599267200931794,122.81664154687842,23.04556722165788,94.27269436941656
32,79.99900000642742,79.99900000642742,-12.0,0.1499712749260769,0.1355166176032987,0.4002430895732642,0.3439517940201792,1.172422372370787,121.78800575449456,26.173312592286777,108.80791378598089
32,79.99900000642742,79.99900000642742,-12.0,0.1210989118616084,0.1258977628301444,0.3818923881556031,0.3441802050578869,0.4992477853361983,121.73458833908934,22.95087235743849,87.90828208416971
32,79.99900000642742,79.99900000642742,-12.0,0.1519740181783238,0.1211338258107702,0.3673384748796661,0.3597571752517857,4.210751600379496,122.7942042707035,23.07101762467648,92.42686036777354
32,79.99900000642742,79.99900000642742,-12.0,0.1201553151572651,0.1348263992487205,0.3605937298295044,0.3426742782751077,5.157610408407709,123.987979346606,24.458969417169055,98.98950949679988
32,79.99900000642742,79.99900000642742,-12.0,0.1323695506214742,0.1367538102147125,0.3683597732404259,0.3441995759769076,5.133290575222314,122.32209239330076,9.406752209412506,89.51105281650595
32,79.99900000642742,79.99900000642742,-12.0,0.1519812318140601,0.1366323532762792,0.368029697237067,0.3314373483701427,4.590665532631283,122.15592981789024,21.83025198141064,83.5504446811289
32,79.99900000642742,79.99900000642742,-12.0,0.1169105292135367,0.1379965705042694,0.3517058337912349,0.3442236050377709,4.277645550125648,122.5435028118922,23.453753170952258,93.82243619099847
32,79.99900000642742,79.99900000642742,-12.0,0.1210895461541059,0.1360625111483353,0.3753223690027757,0.2769536400331428,12.146210431072616,119.693907405427,22.94221796627407,87.02755515313376
32,79.99900000642742,79.99900000642742,-12.0,0.1501261921960192,0.1146103229722616,0.3538254302271604,0.3487359535673426,2.391204079306786,123.0547581696459,5.103840095942974,92.55576690046452
33,79.99900000642742,79.99900000642742,-12.0,0.1202205128871194,0.1155829678137047,0.3683551725293995,0.3447033802965512,12.109792568861954,120.58702810973335,22.95014102486342,70.90883178006037
33,79.99900000642742,79.99900000642742,-12.0,0.1323695506214742,0.1367538102147125,0.3683597732404259,0.3442002468537139,5.157781237678433,121.73394590001816,22.834297721183248,89.43916783617726
33,79.99900000642742,79.99900000642742,-12.0,0.1175339174231408,0.1403757204363051,0.3657215128758456,0.256272699623415,2.667426805216999,114.03970987374902,16.721199033763988,83.72278312088558
33,79.99900000642742,79.99900000642742,-12.0,0.1501201682103508,0.1354294951157134,0.366528190836218,0.3441780371733043,6.832898179858656,121.7290131118129,5.699450069290622,106.16573611937268
33,79.99900000642742,79.99900000642742,-12.0,0.1519741274425615,0.1396910243358726,0.3757153004292731,0.3442065273888662,4.294894707386075,119.14111713851136,23.07101762467648,92.42829938637068
33,79.99900000642742,79.99900000642742,-12.0,0.1524698510952912,0.1333039603671363,0.4070802064284989,0.3361324389452131,4.63863755751934,122.8252130343771,23.06739560097265,83.70335702976287
33,79.99900000642742,79.99900000642742,-12.0,0.1520122930195575,0.1214854977025824,0.3673384748796661,0.3597571752517857,4.206518551270244,122.79555637839898,23.07101762467648,92.50440579740508
33,79.99900000642742,79.99900000642742,-12.0,0.246165423551842,0.1405938695627213,0.3683620579852052,0.346622420164894,5.160173109557391,99.6138124537459,22.9528840501652,87.89551754318761
33,79.99900000642742,79.99900000642742,-12.0,0.1191384767080613,0.1155829678137047,0.4036086097866919,0.3442302878623646,4.4963266953800005,120.58702810973335,26.100517832594345,91.5384099519692
33,79.99900000642742,79.99900000642742,-12.0,0.1518942782441465,0.1405605971141539,0.3681604035778413,0.3438736944947588,11.685926458462507,123.05071990286469,36.432558247710816,92.50674250219554
33,79.99900000642742,79.99900000642742,-12.0,0.1197750323001155,0.1303584570447121,0.3601057848640501,0.3441710011645592,2.368266265032122,121.73458833908934,22.95087235743849,92.04627085015905
33,79.99900000642742,79.99900000642742,-12.0,0.1458986993350095,0.1214525145659261,0.3431308375005337,0.2304522928298971,12.146210431072616,106.64638873373572,22.95147901576696,82.37415719292804
33,79.99900000642742,79.99900000642742,-12.0,0.1458815418917383,0.1214525145659261,0.3431308375005337,0.2304522928298971,12.146210431072616,106.64638873373572,20.638493629394503,91.45898246619107
33,79.99900000642742,79.99900000642742,-12.0,0.1200638206358221,0.1405989153095762,0.3754319933101102,0.2988220139954125,12.146210431072616,119.693907405427,24.125222163115303,87.02755515313376
33,79.99900000642742,79.99900000642742,-12.0,0.1501381056750607,0.1146103229722616,0.3538254302271604,0.3490424641304707,4.290661658276823,122.81281797338964,7.130381332411805,90.00487614208792
33,79.99900000642742,79.99900000642742,-12.0,0.1210989118616084,0.1397175585499015,0.3601061742067554,0.3441795341810805,5.133119745951589,122.32273483237194,9.523327030346325,99.06139447712856
33,79.99900000642742,79.99900000642742,-12.0,0.152012334856086,0.1401975498016678,0.368745722092268,0.1920499376374929,4.599267200931794,110.84972245662564,23.04556722165788,94.2859484135262
33,79.99900000642742,79.99900000642742,-12.0,0.1210989118616084,0.1397175585499015,0.3601061742067554,0.3441802050578869,0.0690391588842098,121.73458833908934,22.95087235743849,98.98950949679988
34,79.99900000642742,79.99900000642742,-12.0,0.1520141552684475,0.1327835732594844,0.3067733650309514,0.3272025161614618,4.599267200931794,122.81647027813165,16.74501396001375,92.14211615698774
34,79.99900000642742,79.99900000642742,-12.0,0.1501261921960192,0.1333632896434222,0.3538254302271604,0.3364583471936919,4.616751191189883,123.0547581696459,24.11842748522327,92.55576690046452
34,79.99900000642742,79.99900000642742,-12.0,0.1210989118616084,0.1348263992487205,0.3618374639911122,0.3441802050578869,5.157610408407709,121.73458833908934,22.979247511358828,98.98950949679988
34,79.99900000642742,79.99900000642742,-12.0,0.1200638206358221,0.1405989153095762,0.3737007035257534,0.2988220139954125,12.146210431072616,119.693907405427,24.096847009194967,87.02755515313376
34,79.99900000642742,79.99900000642742,-12.0,0.1458986993350095,0.1371376826356378,0.3431308375005337,0.2304522928298971,12.146210431072616,106.64638873373572,22.95147901576696,82.37415719292804
34,79.99900000642742,79.99900000642742,-12.0,0.1501381056750607,0.1146103229722616,0.3529171527212543,0.3490424641304707,4.290661658276823,112.05631736829274,6.03675770822759,68.42484847110359
34,79.99900000642742,79.99900000642742,-12.0,0.1489710036698716,0.1400426962276842,0.3302375196235719,0.3518562093942508,5.196127730689653,111.96536034897932,23.45054621023964,68.54017985344953
34,79.99900000642742,79.99900000642742,-12.0,0.1191612637273802,0.1397820984927037,0.3657215128758456,0.2482378447987188,2.659786081786093,114.03970987374902,16.721199033763988,83.72278312088558
34,79.99900000642742,79.99900000642742,-12.0,0.152012334856086,0.1401975498016678,0.368745722092268,0.3475458435692015,4.599267200931794,110.84972245662564,23.46048694437137,94.2859484135262
34,79.99900000642742,79.99900000642742,-12.0,0.1175339174231408,0.1403845603297429,0.3657215128758456,0.3420249294697222,2.667426805216999,114.03970987374902,16.721199033763988,83.72278312088558
34,79.99900000642742,79.99900000642742,-12.0,0.152012334856086,0.1401975498016678,0.368745722092268,0.1920499376374929,4.599267200931794,110.82297368609971,37.5200525676051,94.2859484135262
34,79.99900000642742,79.99900000642742,-12.0,0.1171061508017604,0.1062096199668995,0.3683551725293995,0.3447033802965512,12.109792568861954,120.58702810973335,57.245387942953634,71.19383320540624
34,79.99900000642742,79.99900000642742,-12.0,0.1501201682103508,0.1354294951157134,0.3437072185559286,0.3441780371733043,12.496770997441097,106.35012931575544,15.38213241777374,106.16573611937268
34,79.99900000642742,79.99900000642742,-12.0,0.1187140794558355,0.1397175585499015,0.2625401742109315,0.3441802050578869,5.157610408407709,122.14412427968442,22.95087235743849,99.59813924300498
34,79.99900000642742,79.99900000642742,-12.0,0.1524698510952912,0.1145509936959818,0.4070802064284989,0.3484100453188639,2.4130904460462825,122.8252130343771,4.0553206246737385,83.70335702976287
34,79.99900000642742,79.99900000642742,-12.0,0.1210989118616084,0.1397175585499015,0.3601061742067554,0.3441802050578869,0.0690391588842098,121.73458833908934,22.95087235743849,98.70450807145416
34,79.99900000642742,79.99900000642742,-12.0,0.1540870087279537,0.1382428904980059,0.3687894475341001,0.3492477517729634,5.14531103297842,122.06146643372333,36.57987171407258,92.8327920513194
34,79.99900000642742,79.99900000642742,-12.0,0.1520140741293788,0.1400338563342464,0.3683597732404259,0.2584473461306088,5.140127987185713,122.32855343388016,9.4186429010915,89.60738227377362
35,79.99900000642742,79.99900000642742,-12.0,0.1539964688177838,0.1390716398035135,0.3683220973490316,0.3484572031324137,3.172862368178695,122.16496453518718,37.689885284302605,93.06698475192056
35,79.99900000642742,79.99900000642742,-12.0,0.1216143365823409,0.1400149917608371,0.3067733650309514,0.3272025161614618,0.0908608060078672,122.81647027813165,22.78473008204505,92.14211615698774
35,79.99900000642742,79.99900000642742,-12.0,0.1210989118616084,0.1348263992487205,0.3617049281635337,0.3441802050578869,5.157610408407709,121.73458833908934,23.045413813827665,98.98950949679988
35,79.99900000642742,79.99900000642742,-12.0,0.1521046140395487,0.1400338563342464,0.3600483958676605,0.2590929753713961,5.140149697996829,122.32462827643904,14.095750082400675,89.71701503283938
35,79.99900000642742,79.99900000642742,-12.0,0.1520077643708534,0.1382428904980059,0.3687894475341001,0.3492477517729634,5.154940102183454,122.06249635326326,36.57987171407258,92.5334182683443
35,79.99900000642742,79.99900000642742,-12.0,0.1540870087279537,0.1147457866053808,0.3600107199762661,0.3491028323731899,2.571438421692391,122.16103937774606,44.932924885673565,93.03351571912732
35,79.99900000642742,79.99900000642742,-12.0,0.1187140794558355,0.1397167501096255,0.2625401742109315,0.3441802050578869,5.157610408407709,122.12931743451072,22.95087235743849,92.03224369350151
35,79.99900000642742,79.99900000642742,-12.0,0.152012334856086,0.1397650147060769,0.368745722092268,0.3475639937817118,4.605591308312494,110.84981307772,23.46048694437137,94.2859484135262
35,79.99900000642742,79.99900000642742,-12.0,0.1168371471303603,0.1155829678137047,0.3678268388463496,0.3447033802965512,12.109792568861954,122.5194031161268,22.95014102486342,96.28086058816974
35,79.99900000642742,79.99900000642742,-12.0,0.1520140741293788,0.1332145193516349,0.3688782579198465,0.3441802050578869,4.599267200931794,122.81664154687842,19.819693390606,94.27269436941656
35,79.99900000642742,79.99900000642742,-12.0,0.1202938949702958,0.1379965705042694,0.3522341674742849,0.3442236050377709,4.277645550125648,120.61112780549875,23.453753170952258,68.45040738288948
35,79.99900000642742,79.99900000642742,-12.0,0.1200638206358221,0.1405989153095762,0.373510423330519,0.2950061954089548,12.110419786188448,119.80994298220337,23.80610416850232,87.02755515313376
35,79.99900000642742,79.99900000642742,-12.0,0.1519740181783238,0.1216210997914214,0.3737471586610186,0.3617492371726042,4.210751600379496,122.7942042707035,21.80042399309001,92.43563043383836
35,79.99900000642742,79.99900000642742,-12.0,0.1524887354121174,0.1347771434316895,0.368745722092268,0.3439677621701256,5.1400218172493615,110.82297368609971,37.5200525676051,94.2859484135262
35,79.99900000642742,79.99900000642742,-12.0,0.1171061508017604,0.1062096199668995,0.368545452724634,0.3485191988830088,12.14558321374612,120.470992532957,57.536131284229256,71.19383320540624
35,79.99900000642742,79.99900000642742,-12.0,0.121124594582092,0.1397175585499015,0.3601061742067554,0.3187049873514735,0.1266811982225313,121.7570345108451,22.95087235743849,103.71763525398312
35,79.99900000642742,79.99900000642742,-12.0,0.1520124022837953,0.1400387247666052,0.3653265913641379,0.3442928692233363,4.281619107485952,108.61381660337813,23.07101762467648,91.91905351935686
35,79.99900000642742,79.99900000642742,-12.0,0.1520117034183104,0.1214705378658318,0.3433848499451068,0.3532579602347212,12.150265018589716,122.16103937774606,36.66727209456082,92.50701902813454
36,79.99900000642742,79.99900000642742,-12.0,0.1202247534698028,0.1399763260367429,0.3679163283526112,0.3447284852112569,3.8929077477379854,120.60942527758492,23.43927844914598,68.45040738288948
36,79.99900000642742,79.99900000642742,-12.0,0.1187140794558355,0.1397167501096255,0.2625401742109315,0.3441802050578869,5.157610408407709,122.12931743451072,22.95087235743849,72.62640099363217
36,79.99900000642742,79.99900000642742,-12.0,0.1200638206358221,0.1074457696303258,0.4066611578719339,0.2988220139954125,12.146210431072616,122.81513510159763,24.31941271924911,87.09962672761354
36,79.99900000642742,79.99900000642742,-12.0,0.1201967303390081,0.1403845603297429,0.3338303420609665,0.3446118498963978,2.578073309589465,120.39041228553224,23.118803311661573,83.72278312088558
36,79.99900000642742,79.99900000642742,-12.0,0.1540870087279537,0.1147457866053808,0.3608953496482753,0.3491028323731899,1.147159722360492,122.16103937774606,45.02899983741747,93.03351571912732
36,79.99900000642742,79.99900000642742,-12.0,0.1519740181783238,0.1248430452794946,0.3583960681885116,0.3442744022230913,4.290661658276823,122.16103937774606,36.98892707132913,88.69843146368449
36,79.99900000642742,79.99900000642742,-12.0,0.1200638206358221,0.1405989153095762,0.3735724582776609,0.2939336413079306,12.110419786188448,120.5740764548972,23.80610416850232,87.02755515313376
36,79.99900000642742,79.99900000642742,-12.0,0.1539964688177838,0.1390716398035135,0.3108279250790579,0.326803433413409,0.1070312918428924,122.18624130190592,24.359023166912397,92.15141153168284
36,79.99900000642742,79.99900000642742,-12.0,0.1923479250032656,0.1390045764752759,0.3562857472288326,0.348503983613399,4.616751191189883,123.0547581696459,24.143501574595504,111.17221262839077
36,79.99900000642742,79.99900000642742,-12.0,0.179876722857352,0.1404475235708671,0.3653265913641379,0.3487544205675877,4.281619107485952,108.61381660337813,23.07101762467648,91.91905351935686
36,79.99900000642742,79.99900000642742,-12.0,0.0965927569124111,0.1332145193516349,0.368745722092268,0.2372298825070594,12.357369152191202,120.43752245554272,23.04556722165788,94.27269436941656
36,79.99900000642742,79.99900000642742,-12.0,0.15988304611582,0.140016599059977,0.3657215128758456,0.3422039982974655,1.3310332225217365,123.72366335817432,16.82163552880182,91.52804535151986
36,79.99900000642742,79.99900000642742,-12.0,0.1501261921960192,0.121355247531472,0.3430628259795001,0.2342333498562708,4.530268946739964,122.42879809578297,24.11842748522327,92.48642619250288
36,79.99900000642742,79.99900000642742,-12.0,0.1524698510952912,0.1424176685278555,0.3741197520823185,0.3484100453188639,0.0018575074953934,119.70398533820648,3.835316090210787,83.6312854552831
36,79.99900000642742,79.99900000642742,-12.0,0.1125298104542195,0.1405989153095762,0.375476040566596,0.2988220139954125,12.146210431072616,119.693907405427,4.204148850817578,92.30675084588464
36,79.99900000642742,79.99900000642742,-12.0,0.1202205128871194,0.1393249757045528,0.3683551725293995,0.3441268188986545,12.109792568861954,120.58702810973335,22.95014102486342,99.6710548519568
36,79.99900000642742,79.99900000642742,-12.0,0.1492050071185739,0.133313092248039,0.3301472398151283,0.2312261660619484,4.810422594027347,111.8727225731848,22.95147901576696,91.45898246619107
36,79.99900000642742,79.99900000642742,-12.0,0.1520140741293788,0.1401200075193518,0.371801759381822,0.3441802050578869,3.349143405380757,121.17652517213116,23.07101762467648,89.89775899853629
36,79.99900000642742,79.99900000642742,-12.0,0.1601359145560674,0.1216210997914214,0.3737471586610186,0.3617492371726042,3.77613293022118,122.7942042707035,21.80042399309001,92.43563043383836
36,79.99900000642742,79.99900000642742,-12.0,0.1539964688177838,0.1334303529716598,0.3541355416510405,0.3364115667127064,3.172862368178695,122.16496453518718,37.66481119493653,93.06698475192056
36,79.99900000642742,79.99900000642742,-12.0,0.1199367651620438,0.1397179227679318,0.3600483958676605,0.2590929753713961,5.140149697996829,122.32462827643904,15.782716836683544,89.95063862517723
36,79.99900000642742,79.99900000642742,-12.0,0.1532667607419121,0.1400334921162161,0.3601061742067554,0.3441802050578869,0.0690391588842098,121.73458833908934,22.81271350784816,98.47088447911632
36,79.99900000642742,79.99900000642742,-12.0,0.1498060169627008,0.1408159351861104,0.3730169911212452,0.2964728627770522,12.496770997441097,106.35012931575544,15.38213241777374,100.73172217051444
37,79.99900000642742,79.99900000642742,-12.0,0.1200638206358221,0.1383929442912274,0.3688156338539358,0.2939336413079306,5.116552055265572,120.5740764548972,23.80610416850232,87.02755515313376
37,79.99900000642742,79.99900000642742,-12.0,0.120031167726993,0.1397175585499015,0.3601061742067554,0.2994757873619131,12.074741479455083,121.7570345108451,22.979996906060705,103.71763525398312
37,79.99900000642742,79.99900000642742,-12.0,0.1498060169627008,0.1417652338121822,0.3732635598294844,0.2964728627770522,6.4561050724565945,106.35012931575544,19.24750527379628,100.73172217051444
37,79.99900000642742,79.99900000642742,-12.0,0.1519740181783238,0.1211338258107702,0.3785117315420735,0.3597571752517857,4.210751600379496,122.7942042707035,23.07101762467648,92.42686036777354
37,79.99900000642742,79.99900000642742,-12.0,0.1540870087279537,0.1147457866053808,0.3608953496482753,0.3491028323731899,1.147159722360492,123.12811434277916,45.04968679499362,93.03351571912732
37,79.99900000642742,79.99900000642742,-12.0,0.1475993197086065,0.1371376826356378,0.3435881195540726,0.2304522928298971,12.146210431072616,106.64638873373572,24.09471964447233,82.96145130851588
37,79.99900000642742,79.99900000642742,-12.0,0.191397060997443,0.1382428904980059,0.3687894475341001,0.3492477517729634,4.586600473535117,122.06146643372333,36.57987171407258,93.2556524134508
37,79.99900000642742,79.99900000642742,-12.0,0.120060060450489,0.1406141068451375,0.3736210863991385,0.3447284852112569,3.949377941171221,120.61000908592035,32.564110121311195,68.45040738288948
37,79.99900000642742,79.99900000642742,-12.0,0.1202285136551359,0.1399611345011816,0.3241673192235271,0.2939336413079306,12.05395255099701,120.57349264656176,23.80610416850232,87.02755515313376
37,79.99900000642742,79.99900000642742,-12.0,0.0808112998923052,0.1333372891491517,0.3546203478263509,0.2385807881413479,12.157140818937496,119.68437680950336,23.226906868255565,94.27269436941656
37,79.99900000642742,79.99900000642742,-12.0,0.1202247534698028,0.139988978117247,0.3680715434010547,0.3567061682330179,3.764462675040562,120.60942527758492,23.43927844914598,67.65434668617415
37,79.99900000642742,79.99900000642742,-12.0,0.152012334856086,0.1401975498016678,0.3747441305083729,0.1924814557146885,4.599267200931794,110.82297368609971,3.4451444598500736,94.2859484135262
37,79.99900000642742,79.99900000642742,-12.0,0.1917585983248063,0.133313092248039,0.3301472398151283,0.2373222643590964,4.636099774658215,124.54444169121344,21.038630010407527,91.45898246619107
37,79.99900000642742,79.99900000642742,-12.0,0.1510887992007156,0.1381827911997705,0.3687894475341001,0.3524722664684341,5.160337827396526,120.56926333018976,36.57987171407258,86.11054016489442
37,79.99900000642742,79.99900000642742,-12.0,0.1187140794558355,0.1397175585499015,0.296384659323052,0.3441802050578869,5.157610408407709,122.12922192550712,22.95087235743849,75.09185593808282
37,79.99900000642742,79.99900000642742,-12.0,0.1492050071185739,0.133263681027287,0.330568739122405,0.3447360612075124,4.810422594027347,109.36955841377812,37.48937591538516,91.45898246619107
38,79.99900000642742,79.99900000642742,-12.0,0.1211719584568667,0.1397175585499015,0.3230159838613967,0.3192023141437473,1.5133472532093115,120.55559576788856,22.95087235743849,103.71763525398312
38,79.99900000642742,79.99900000642742,-12.0,0.0965927569124111,0.1452223627058032,0.3687436967521263,0.2372298825070594,12.357369152191202,120.43752245554272,23.04556722165788,92.86594725699638
38,79.99900000642742,79.99900000642742,-12.0,0.1498060169627008,0.1408159351861104,0.3730169911212452,0.2964728627770522,12.496770997441097,107.75427767745984,15.38213241777374,100.73172217051444
38,79.99900000642742,79.99900000642742,-12.0,0.1724910792684173,0.1397193647700325,0.371801759381822,0.3441802050578869,5.150633827475825,122.1305474934291,23.07101762467648,89.89775899853629
38,79.99900000642742,79.99900000642742,-12.0,0.1524698510952912,0.1145509936959818,0.4070802064284989,0.3484100453188639,2.4130904460462825,122.8252130343771,0.9680202857755916,79.28556339825893
38,79.99900000642742,79.99900000642742,-12.0,0.1201811497803612,0.1399611345011816,0.3612575095688858,0.2934363145156568,10.795464113799143,121.77493138951831,23.80610416850232,89.71610196796395
38,79.99900000642742,79.99900000642742,-12.0,0.1539964688177838,0.1390716398035135,0.3325326931660316,0.326803433413409,0.1070312918428924,113.45225785306988,24.359023166912397,92.45747784924008
38,79.99900000642742,79.99900000642742,-12.0,0.1492050071185739,0.133263681027287,0.330568739122405,0.3447360612075124,3.746816613824577,109.36955841377812,37.48937591538516,91.45898246619107
38,79.99900000642742,79.99900000642742,-12.0,0.1187140794558355,0.1401182012992207,0.296384659323052,0.3441802050578869,0.4303040674047773,121.17519960420915,22.95087235743849,64.68759103222251
38,79.99900000642742,79.99900000642742,-12.0,0.1175339174231408,0.1403845603297429,0.3657215128758456,0.3420249294697222,2.667426805216999,122.77369332258506,16.721199033763988,83.41671680332831
38,79.99900000642742,79.99900000642742,-12.0,0.1532667607419121,0.1391363773475639,0.2767053511423654,0.3307091287339397,2.9162555018617944,121.73458833908934,47.03097811632681,98.47088447911632
38,79.99900000642742,79.99900000642742,-12.0,0.1548060225777261,0.1390716398035135,0.3683220973490316,0.320722100867411,3.172862368178695,120.64867395973208,37.689885284302605,115.4277361509254
38,79.99900000642742,79.99900000642742,-12.0,0.1202247534698028,0.139988978117247,0.3680715434010547,0.3567061682330179,4.8280686552433325,120.60942527758492,23.43927844914598,67.65434668617415
38,79.99900000642742,79.99900000642742,-12.0,0.1458439420849056,0.1335969511551691,0.3541355416510405,0.3351897021744944,12.200618108380876,106.75533200451656,37.83028045151536,93.06698475192056
38,79.99900000642742,79.99900000642742,-12.0,0.1532667607419121,0.1400334921162161,0.3601061742067554,0.3441802050578869,0.0472116230084234,121.73458833908934,22.95118656752901,98.47088447911632
38,79.99900000642742,79.99900000642742,-12.0,0.1520168560866469,0.1400931286568619,0.3422828339339095,0.3478674097085147,3.349143405380757,106.21382978702071,23.07101762467648,89.89775899853629
38,79.99900000642742,79.99900000642742,-12.0,0.1426502679311815,0.1369710844521285,0.3431308375005337,0.2316741573688333,3.118493548188308,122.05602126440635,22.78600975925143,82.37415719292804
38,79.99900000642742,79.99900000642742,-12.0,0.1540870087279537,0.1406085749700889,0.264575275888592,0.3490658192907714,1.147159722360492,122.16103937774606,45.38104995061048,93.03351571912732
38,79.99900000642742,79.99900000642742,-12.0,0.1202247534698028,0.1399763260367429,0.3295142137996916,0.2346849808548345,3.8942522494708407,120.55616194542084,23.43927844914598,68.45040738288948
39,79.99900000642742,79.99900000642742,-12.0,0.120057349280146,0.139777201107031,0.3230159838613967,0.3192023141437473,1.5133472532093115,117.54540855821868,22.95087235743849,103.71763525398312
39,79.99900000642742,79.99900000642742,-12.0,0.1530807603711804,0.1391503129221839,0.2767053511423654,0.3307091287339397,1.3081930165541662,121.75542132557878,59.24402454812659,103.76511240916273
39,79.99900000642742,79.99900000642742,-12.0,0.1532667607419121,0.1400334921162161,0.3601061742067554,0.3441802050578869,2.086901415791868,121.7084532675878,23.0812588263894,89.0298131464231
39,79.99900000642742,79.99900000642742,-12.0,0.1540870087279537,0.1377078859934258,0.3609115349495901,0.3491028323731899,4.480768456329615,123.100493560867,45.04968679499362,93.03351571912732
39,79.99900000642742,79.99900000642742,-12.0,0.0808112998923052,0.131836299358045,0.3956698175921649,0.239763905597801,12.157140818937496,119.68437680950336,15.263198565841243,96.15882700130769
39,79.99900000642742,79.99900000642742,-12.0,0.1125298104542195,0.1405989153095762,0.3757112582846518,0.2225557962609044,12.146210431072616,119.772511650284,3.384558723454313,92.30675084588464
39,79.99900000642742,79.99900000642742,-12.0,0.120031167726993,0.1397175585499015,0.3689203045106241,0.2994757873619131,12.074741479455083,121.67843026598813,23.80529656351747,103.71763525398312
39,79.99900000642742,79.99900000642742,-12.0,0.191397060997443,0.1367238397544072,0.3687894475341001,0.352439521183579,4.586600473535117,120.36080140986768,36.57987171407258,93.18689946365936
39,79.99900000642742,79.99900000642742,-12.0,0.1540870087279537,0.0837363702439091,0.2656061060605055,0.2384186095128614,11.562772261646352,122.21622848848706,22.405087044857808,93.03351571912732
39,79.99900000642742,79.99900000642742,-12.0,0.1208357892086561,0.1390782640410256,0.3028200324406324,0.3444615117887223,3.172862368178695,122.15086654810985,37.234293124649874,93.06698475192056
39,79.99900000642742,79.99900000642742,-12.0,0.1520168560866469,0.1400931286568619,0.3418590537772053,0.259655930367432,3.349143405380757,106.21382978702071,23.07101762467648,89.90164141153237
39,79.99900000642742,79.99900000642742,-12.0,0.1540549074499808,0.1332364023171775,0.3687894475341001,0.3492477517729634,5.14531103297842,109.1068475615975,37.50225685118501,92.8327920513194
39,79.99900000642742,79.99900000642742,-12.0,0.1199367651620438,0.1397179227679318,0.3604721760243647,0.3598110100774657,5.140149697996829,122.32462827643904,15.782716836683544,89.94675621218117
39,79.99900000642742,79.99900000642742,-12.0,0.1524698510952912,0.1145509936959818,0.4070802064284989,0.3335913125468998,2.4130904460462825,122.8252130343771,0.9680202857755916,79.28556339825893
39,79.99900000642742,79.99900000642742,-12.0,0.1518747590690863,0.1401115770617087,0.3947163740223608,0.3481758964015782,0.4303040674047773,121.1892975912865,17.790776304713592,64.68759103222251
39,79.99900000642742,79.99900000642742,-12.0,0.1548060225777261,0.1390716398035135,0.3477232806020369,0.3229947065001929,3.172862368178695,120.64867395973208,37.689885284302605,115.4277361509254
39,79.99900000642742,79.99900000642742,-12.0,0.1730044016760777,0.1397193647700325,0.371801759381822,0.3441802050578869,5.150633827475825,122.1305474934291,23.07101762467648,89.89775899853629
39,79.99900000642742,79.99900000642742,-12.0,0.0965927569124111,0.1331379267110325,0.368745722092268,0.2340381131001022,12.357369152191202,122.13818747939835,23.04556722165788,94.341447319208
40,79.99900000642742,79.99900000642742,-12.0,0.1202247534698028,0.139988978117247,0.3680715434010547,0.3567061682330179,4.8280686552433325,95.46595309639989,23.43927844914598,67.65434668617415
40,79.99900000642742,79.99900000642742,-12.0,0.1419909034862403,0.1397175585499015,0.3230159838613967,0.3192023141437473,1.5133472532093115,120.55559576788856,22.95087235743849,104.26059594811306
40,79.99900000642742,79.99900000642742,-12.0,0.1785807947207514,0.1369710844521285,0.3431308375005337,0.2316741573688333,3.118493548188308,122.05602126440635,22.78600975925143,81.8311964987981
40,79.99900000642742,79.99900000642742,-12.0,0.12054639945027,0.1390897977500129,0.368332534866969,0.3483234903822074,3.172862368178695,122.16496453518718,37.689885284302605,94.2413155766764
40,79.99900000642742,79.99900000642742,-12.0,0.1540870087279537,0.1147457866053808,0.3595391390363432,0.3520036256952565,0.7512954075848635,122.39726716549256,15.174195014079176,93.03351571912732
40,79.99900000642742,79.99900000642742,-12.0,0.188705746479227,0.1399611345011816,0.3612575095688858,0.3526998255723113,10.795464113799143,121.77493138951831,23.826405710442245,94.00127393426855
40,79.99900000642742,79.99900000642742,-12.0,0.1492050071185739,0.133263681027287,0.3305365067291553,0.278651743888912,3.746816613824577,119.7439905824525,37.48937591538516,91.45898246619107
40,79.99900000642742,79.99900000642742,-12.0,0.1511158191564156,0.1431005899489006,0.375476040566596,0.2982055533807332,5.259878670627125,119.67112339221735,2.299095525869923,92.31607059178572
40,79.99900000642742,79.99900000642742,-12.0,0.0939378462683348,0.1182226373286225,0.3670914015134859,0.2304522928298971,12.146210431072616,116.73950268185368,18.490333726847133,94.70643412185126
40,79.99900000642742,79.99900000642742,-12.0,0.1520140741293788,0.1401200075193518,0.371801759381822,0.344037534320579,2.904232144064386,121.6643296798218,23.07101762467648,89.89775899853629
40,79.99900000642742,79.99900000642742,-12.0,0.152266298921263,0.1400931286568619,0.3419011361128938,0.3051693707331429,3.349143405380757,106.75129257675988,23.07101762467648,89.8881262077633
40,79.99900000642742,79.99900000642742,-12.0,0.120057349280146,0.139792453657901,0.3725776387807709,0.2958262688637948,4.072089591488747,106.3632265614792,22.95087235743849,100.75491057281494
40,79.99900000642742,79.99900000642742,-12.0,0.1492050071185739,0.1397898028274952,0.3188546306852678,0.3346325608377647,3.746816613824577,95.78861973804612,37.48937591538516,91.45898246619107
40,79.99900000642742,79.99900000642742,-12.0,0.1536748228390823,0.1399708201707477,0.3680611058831173,0.3488133349133309,4.8280686552433325,120.60942527758492,23.43927844914598,66.48001586141879
40,79.99900000642742,79.99900000642742,-12.0,0.1532667607419121,0.1400334921162161,0.3601061742067554,0.3441802050578869,2.086901415791868,121.7084532675878,23.0812588263894,83.92682398787123
40,79.99900000642742,79.99900000642742,-12.0,0.1485557117282289,0.1331245861820338,0.3447851580793158,0.2527936368928014,12.357369152191202,122.04384086887634,35.97470262009317,82.0091703902848
40,79.99900000642742,79.99900000642742,-12.0,0.0983347993412446,0.1371376826356378,0.3431308375005337,0.2304522928298971,12.146210431072616,106.64638873373572,22.945872912750374,82.37415719292804
40,79.99900000642742,79.99900000642742,-12.0,0.1540870087279537,0.0874255772640084,0.2656061060605055,0.2384186095128614,11.040022993294937,122.21890274465956,22.405087044857808,93.03351571912732
40,79.99900000642742,79.99900000642742,-12.0,0.1450515209023277,0.1335969511551691,0.3541355416510405,0.3351897021744944,1.7322358182838211,107.06473830259336,37.83028045151536,104.3896929375833
41,79.99900000642742,79.99900000642742,-12.0,0.154043198475939,0.1397898028274952,0.2639793756511674,0.2428260693182136,11.091770210224116,97.56748210784832,37.48937591538516,91.52487492711988
41,79.99900000642742,79.99900000642742,-12.0,0.1199706469073407,0.1405099049560673,0.3599894622356172,0.3279296756705788,11.70470556177288,122.34330087723816,4.204148850817578,89.8580639457139
41,79.99900000642742,79.99900000642742,-12.0,0.0939378462683348,0.1182226373286225,0.3670914015134859,0.2304522928298971,12.146210431072616,124.16695661280636,18.490333726847133,94.70643412185126
41,79.99900000642742,79.99900000642742,-12.0,0.0983347993412446,0.1371376826356378,0.3431308375005337,0.2305145902575996,12.146210431072616,105.75682142265111,22.406986298946396,82.37415719292804
41,79.99900000642742,79.99900000642742,-12.0,0.1520140741293788,0.1401200075193518,0.371801759381822,0.3442731044003257,3.349143405380757,121.17652517213116,23.07101762467648,88.17692266048883
41,79.99900000642742,79.99900000642742,-12.0,0.1474121675130333,0.131836299358045,0.3547105085269321,0.3338764274190907,1.822031192606584,103.4883889130046,40.23127321793775,96.15882700130769
41,79.99900000642742,79.99900000642742,-12.0,0.1498060169627008,0.1408159351861104,0.3730169911212452,0.2933386030205239,10.853814746528954,106.35012931575544,15.38213241777374,100.73172217051444
41,79.99900000642742,79.99900000642742,-12.0,0.1498416494719156,0.1403508275075761,0.3957890172646725,0.3520036256952565,3.003144834817148,107.0993304986307,15.728709872826304,93.03351571912732
41,79.99900000642742,79.99900000642742,-12.0,0.1419909034862403,0.139182964332591,0.3228802450359336,0.319039467335213,1.5133472532093115,120.5080090662341,22.95087235743849,104.26059594811306
41,79.99900000642742,79.99900000642742,-12.0,0.1540870087279537,0.1147457866053808,0.362186534882244,0.2802778122775682,3.778432074507076,122.52737120939275,38.60473669772634,100.62805232468696
41,79.99900000642742,79.99900000642742,-12.0,0.1201771544369489,0.1332734905633702,0.3719891915444578,0.2796361727554661,4.072089591488747,106.58357512829352,22.360039565947197,100.75491057281494
41,79.99900000642742,79.99900000642742,-12.0,0.1518455100063517,0.1145083018980477,0.3993931869177073,0.3481758964015782,0.4294385913691179,121.1892975912865,17.790776304713592,92.74803882648102
41,79.99900000642742,79.99900000642742,-12.0,0.1540870087279537,0.1403490617695086,0.3616935731630574,0.3520036256952565,0.7521608836257565,122.39726716549256,15.174195014079176,64.97306792486934
41,79.99900000642742,79.99900000642742,-12.0,0.1520622747168135,0.0999013428864147,0.3418590537772053,0.259655930367432,3.349143405380757,104.65570390717734,23.098202437138895,92.94221080287132
41,79.99900000642742,79.99900000642742,-12.0,0.1425408293092317,0.1369710844521285,0.3431308375005337,0.2316741573688333,4.945555766079615,83.55469893509407,22.959186141561045,82.37415719292804
41,79.99900000642742,79.99900000642742,-12.0,0.1548060225777261,0.1390716398035135,0.3431524651728238,0.3172733631389952,3.172862368178695,120.64867395973208,37.689885284302605,117.00915043121547
41,79.99900000642742,79.99900000642742,-12.0,0.1437853081404546,0.1398069331214406,0.3610742810136688,0.3473313753540166,5.581654618008876,119.67523480462788,15.782716836683544,92.3954431123519
41,79.99900000642742,79.99900000642742,-12.0,0.1485557117282289,0.1331245861820338,0.2615058770051553,0.2527936368928014,10.816523497776735,122.04384086887634,35.97470262009317,82.0091703902848
41,79.99900000642742,79.99900000642742,-12.0,0.1492050071185739,0.133263681027287,0.3278891108832546,0.3426369407179598,0.7198081443480602,119.6138865385523,14.058837622269255,91.34445858878333
41,79.99900000642742,79.99900000642742,-12.0,0.1526888123984181,0.139792453657901,0.3725447445799799,0.2990313589549591,4.072089591488747,106.3632265614792,40.90980707268655,100.50604356832908
42,79.99900000642742,79.99900000642742,-12.0,0.1491978749420434,0.140460478713249,0.3618448650565046,0.3464881412469529,0.0223709488667556,122.6170195425277,15.174195014079176,79.6609866101674
42,79.99900000642742,79.99900000642742,-12.0,0.1520622747168135,0.1010507094976514,0.3305478026703302,0.259655930367432,3.349143405380757,104.65570390717734,23.098202437138895,92.94221080287132
42,79.99900000642742,79.99900000642742,-12.0,0.1486945498075867,0.1401200075193518,0.371801759381822,0.3297055731371187,3.349143405380757,121.17652517213116,36.24962723828193,88.17692266048883
42,79.99900000642742,79.99900000642742,-12.0,0.1498060169627008,0.1408159351861104,0.3730169911212452,0.2933386030205239,11.8248189935433,113.45750365648564,15.38213241777374,92.33417379211262
42,79.99900000642742,79.99900000642742,-12.0,0.1199367651620438,0.1397179227679318,0.3527052209914101,0.3598110100774657,5.140149697996829,122.32462827643904,0.1444103480090621,89.94675621218117
42,79.99900000642742,79.99900000642742,-12.0,0.0939378462683348,0.1182226373286225,0.3674757411727809,0.2304522928298971,12.146210431072616,124.16695661280636,22.842041986454863,82.03309425814778
42,79.99900000642742,79.99900000642742,-12.0,0.1518752360500209,0.1331245861820338,0.2588239507509613,0.2527936368928014,10.816523497776735,122.04384086887634,22.796093006504208,82.0091703902848
42,79.99900000642742,79.99900000642742,-12.0,0.1547650558483738,0.1147457866053808,0.3595391390363432,0.3520036256952565,0.4419811929982169,122.39726716549256,15.174195014079176,93.03351571912732
42,79.99900000642742,79.99900000642742,-12.0,0.154019797918318,0.0999013428864147,0.3361586661420382,0.2588669243420585,3.349143405380757,104.76896622282432,22.99215241326553,92.94221080287132
42,79.99900000642742,79.99900000642742,-12.0,0.1125298104542195,0.1405488754237455,0.3742573322445423,0.2988220139954125,5.836695662056947,119.69638977050622,4.204148850817578,92.39050773586357
42,79.99900000642742,79.99900000642742,-12.0,0.1426502679311815,0.1369710844521285,0.3427464978412387,0.2316741573688333,3.118493548188308,122.05602126440635,18.434301499643706,95.04749705663151
42,79.99900000642742,79.99900000642742,-12.0,0.1524698510952912,0.1328087429228555,0.2518958381487862,0.3293953609789058,2.9418917648233043,122.8252130343771,0.9557211078747654,82.01501522704338
42,79.99900000642742,79.99900000642742,-12.0,0.1540941409044842,0.1331522640835467,0.3303852148357081,0.2841672283372158,3.746816613824577,119.52423820541736,37.48937591538516,89.76674595633907
42,79.99900000642742,79.99900000642742,-12.0,0.0939378462683348,0.1182226373286225,0.3670914015134859,0.2498719442036583,12.123643819298117,116.42851337912252,18.490333726847133,94.70643412185126
42,79.99900000642742,79.99900000642742,-12.0,0.1541782363302931,0.1381480288986664,0.3691043032040009,0.3462326842610093,5.14531103297842,122.06146643372333,23.03013046867464,92.8327920513194
42,79.99900000642742,79.99900000642742,-12.0,0.1199706376964227,0.1404793576195767,0.3594443751338552,0.3255201734646744,11.70470556177288,122.34330087723816,3.873892333230639,90.45919902364216
42,79.99900000642742,79.99900000642742,-12.0,0.1539964688177838,0.1390716398035135,0.3325326931660316,0.326803433413409,0.0202639629507999,106.34488351233968,24.359023166912397,105.45530468387278
42,79.99900000642742,79.99900000642742,-12.0,0.1530863848397635,0.1397991242566165,0.3230159838613967,0.3192023141437473,1.5133472532093115,120.53553975972169,37.22088191782373,100.6428708776377
43,79.99900000642742,79.99900000642742,-12.0,0.1523258489307165,0.1403695517898303,0.3725776387807709,0.2947814467986872,4.08281282596698,106.5820959593852,22.929250427601545,100.6746678660756
43,79.99900000642742,79.99900000642742,-12.0,0.1511158191564156,0.1431005899489006,0.375476040566596,0.2967328999153026,1.6811293167192851,119.67112339221735,2.299095525869923,75.51509197396925
43,79.99900000642742,79.99900000642742,-12.0,0.1489496301104766,0.1408619179324173,0.3725760445805781,0.2964728627770522,4.223637623764082,106.35012931575544,15.408192530212036,100.73172217051444
43,79.99900000642742,79.99900000642742,-12.0,0.1547897172404481,0.1389624722171878,0.3431524651728238,0.3172733631389952,0.2207853731775282,120.64867395973208,16.032920305573814,65.69463701619168
43,79.99900000642742,79.99900000642742,-12.0,0.1540941409044842,0.1331522640835467,0.3273612053553262,0.2841672283372158,5.175648789035959,122.24318284538346,39.56680630747592,89.76136626465477
43,79.99900000642742,79.99900000642742,-12.0,0.1518455100063517,0.1145083018980477,0.397875446507598,0.3654824540332357,0.4294385913691179,121.1892975912865,18.518627501843483,91.56438342860064
43,79.99900000642742,79.99900000642742,-12.0,0.1491978749420434,0.140460478713249,0.3459051006297555,0.3504252388640974,0.0223709488667556,121.8737605385282,15.190938813343966,92.37910727948602
43,79.99900000642742,79.99900000642742,-12.0,0.0939378462683348,0.1182226373286225,0.3670914015134859,0.2289807678583971,12.146210431072616,111.1315741055301,17.2445735588082,100.4927060605156
43,79.99900000642742,79.99900000642742,-12.0,0.0982272991687954,0.1397179227679318,0.3527052209914101,0.3598110100774657,3.711317522785458,122.32462827643904,0.1293802399384311,89.95213590386545
43,79.99900000642742,79.99900000642742,-12.0,0.1419909034862403,0.139182964332591,0.3228802450359336,0.319039467335213,1.5133472532093115,120.58958821521225,4.587889750182063,92.25041912893064
43,79.99900000642742,79.99900000642742,-12.0,0.1491978749420434,0.1404584757516541,0.3618448650565046,0.3464881412469529,0.0223709488667556,121.09670096950394,15.174195014079176,79.6609866101674
43,79.99900000642742,79.99900000642742,-12.0,0.1532667607419121,0.1391363773475639,0.2767053511423654,0.3307091287339397,2.9162555018617944,121.73458833908934,54.43950295092067,98.47088447911632
43,79.99900000642742,79.99900000642742,-12.0,0.1111288812125782,0.1399611345011816,0.3857433399557269,0.3436244842422086,10.795464113799143,121.77493138951831,23.80610416850232,89.91039937143131
43,79.99900000642742,79.99900000642742,-12.0,0.154722440057131,0.1401369974286012,0.374739646149148,0.2990313589549591,0.4933174849244981,106.24469695409194,16.872066548995743,100.50604356832908
43,79.99900000642742,79.99900000642742,-12.0,0.1426502679311815,0.1369710844521285,0.3427464978412387,0.2331468108342651,3.118493548188308,122.05602126440635,18.434301499643706,95.04749705663151
43,79.99900000642742,79.99900000642742,-12.0,0.1518740821958006,0.1331835565067681,0.259150769786783,0.2527936368928014,10.745184238040697,122.04384086887634,22.796093006504208,90.34697176872054
43,79.99900000642742,79.99900000642742,-12.0,0.1171659093087103,0.1458490905191928,0.2615813442826288,0.2428260693182136,11.091770210224116,97.56748210784832,37.48937591538516,91.52487492711988
43,79.99900000642742,79.99900000642742,-12.0,0.188705746479227,0.1329776031406555,0.3612575095688858,0.3526998255723113,10.795464113799143,121.76336898070036,23.84421387489285,82.50376908501676
44,79.99900000642742,79.99900000642742,-12.0,0.154722440057131,0.1152951632444146,0.374739646149148,0.2419347655312155,0.4933174849244981,106.24469695409194,37.27636867267337,91.44857453650746
44,79.99900000642742,79.99900000642742,-12.0,0.1201063206113113,0.1369838428930058,0.3612575095688858,0.2314933854975501,11.168122272599692,121.77493138951831,23.80610416850232,95.00717410197284
44,79.99900000642742,79.99900000642742,-12.0,0.1523431700369097,0.139792453657901,0.3725432572082688,0.2948055760211446,4.081154342362901,106.3632265614792,41.26540884437159,100.50604356832908
44,79.99900000642742,79.99900000642742,-12.0,0.1532824626907907,0.1431005899489006,0.375476040566596,0.2985573563119881,1.2104451357160189,119.67112339221735,46.740803418916,92.31607059178572
44,79.99900000642742,79.99900000642742,-12.0,0.106538741812839,0.1403695517898303,0.31403955347957,0.2990072297325017,0.29085664950364,106.5820959593852,22.57364865716263,100.6746678660756
44,79.99900000642742,79.99900000642742,-12.0,0.1498060169627008,0.1400298328481657,0.3741734788041777,0.2933386030205239,11.8248189935433,113.97165378534484,15.38213241777374,78.53614320887118
44,79.99900000642742,79.99900000642742,-12.0,0.1111288812125782,0.1157343634808983,0.3857433399557269,0.3436244842422086,0.3169486080502732,121.17155290709906,17.852297522341605,89.91039937143131
44,79.99900000642742,79.99900000642742,-12.0,0.1524698510952912,0.1125841839785627,0.4070802064284989,0.3335913125468998,2.4130904460462825,122.8252130343771,0.9680202857755916,79.28556339825893
44,79.99900000642742,79.99900000642742,-12.0,0.1518455100063517,0.1387350729186081,0.3993931869177073,0.3481758964015782,11.025415902579498,121.79267607370576,23.744582950874303,92.74803882648102
44,79.99900000642742,79.99900000642742,-12.0,0.1524698510952912,0.1153370960343493,0.4059237187455665,0.3335913125468998,2.4130904460462825,122.3110629055179,0.9680202857755916,93.08359398150036
44,79.99900000642742,79.99900000642742,-12.0,0.1518324099938038,0.1401200075193518,0.371801759381822,0.330140936245322,2.904232144064386,121.73958022173652,23.07324981974204,104.15575847928936
44,79.99900000642742,79.99900000642742,-12.0,0.1491978749420434,0.1404584757516541,0.3595605866469678,0.3464881412469529,0.0223709488667556,122.31524362905247,3.518217317268822,79.6609866101674
44,79.99900000642742,79.99900000642742,-12.0,0.1425408293092317,0.1369710844521285,0.3431308375005337,0.2316741573688333,4.102554399943594,83.55469893509407,22.959186141561045,82.37415719292804
44,79.99900000642742,79.99900000642742,-12.0,0.1546799149079681,0.1390716398035135,0.3789576438266903,0.3229947065001929,3.172862368178695,120.64867395973208,37.689885284302605,114.53248392444348
44,79.99900000642742,79.99900000642742,-12.0,0.1016253448575867,0.1180534130199894,0.3674757411727809,0.2304522928298971,12.146210431072616,124.16695661280636,15.438410948000993,93.1359761742656
44,79.99900000642742,79.99900000642742,-12.0,0.1549477882567007,0.1149150109140139,0.3595391390363432,0.3520036256952565,0.4419811929982169,122.39726716549256,19.51366602727858,81.9306338030095
44,79.99900000642742,79.99900000642742,-12.0,0.1419909034862403,0.139182964332591,0.3228802450359336,0.319039467335213,1.2706699900507368,120.58958821521225,0.8749365662486199,92.25041912893064
44,79.99900000642742,79.99900000642742,-12.0,0.154043198475939,0.1397898028274952,0.2639793756511674,0.2999226627419573,11.091770210224116,97.56748210784832,17.085073849522523,100.58234395894152
44,79.99900000642742,79.99900000642742,-12.0,0.1490757377802346,0.1408619179324173,0.3725760445805781,0.2964728627770522,4.223637623764082,106.35012931575544,15.408192530212036,101.62697439699636
44,79.99900000642742,79.99900000642742,-12.0,0.1427250971002431,0.1399483760603043,0.3427464978412387,0.2936170863869405,2.745911167738517,122.05602126440635,18.434301499643706,89.75642492262261
44,79.99900000642742,79.99900000642742,-12.0,0.1104043588681276,0.1369710844521285,0.3447047893033676,0.2274993771015289,4.945555766079615,83.55469893509407,23.8120435836095,82.37415719292804
45,79.99900000642742,79.99900000642742,-12.0,0.1524322933005808,0.1390716398035135,0.3789576438266903,0.3331831253473676,2.4093630213710444,120.73274361913327,37.689885284302605,114.53248392444348
45,79.99900000642742,79.99900000642742,-12.0,0.106538741812839,0.1403695517898303,0.31403955347957,0.2990072297325017,0.29085664950364,105.64440681560257,22.57364865716263,100.6746678660756
45,79.99900000642742,79.99900000642742,-12.0,0.1412139526599699,0.1076381151289517,0.3667280232978158,0.2331468108342651,3.118493548188308,122.05602126440635,18.43418717480956,95.04089041022796
45,79.99900000642742,79.99900000642742,-12.0,0.1168802632564769,0.1459157005727528,0.3427464978412387,0.2936170863869405,2.783033245116725,121.25812968124676,18.743476641255903,89.75642492262261
45,79.99900000642742,79.99900000642742,-12.0,0.1526888123984181,0.139792453657901,0.3725447445799799,0.2990313589549591,4.07168149986735,106.36507481695826,21.977772556901968,100.5085272204537
45,79.99900000642742,79.99900000642742,-12.0,0.097006612722012,0.1400407437805979,0.3730574668933976,0.2956875600946604,3.20545047986999,116.90078717583008,15.38213241777374,78.53614320887118
45,79.99900000642742,79.99900000642742,-12.0,0.0805844785684995,0.1397179227679318,0.3758865453781161,0.2425093808856183,3.711317522785458,122.32462827643904,35.24583470016166,89.95213590386545
45,79.99900000642742,79.99900000642742,-12.0,0.1518553974251545,0.1403695517898303,0.3969527892788581,0.2943438691689588,0.4952296664120319,121.68458512448406,18.036085826743086,100.73027281951111
45,79.99900000642742,79.99900000642742,-12.0,0.1305896526530176,0.1389624722171878,0.3426614716647574,0.3172733631389952,0.4860233968507421,120.64867395973208,16.0245482682135,65.69463701619168
45,79.99900000642742,79.99900000642742,-12.0,0.1506619370875057,0.1404584757516541,0.3525075246597025,0.3464881412469529,0.0060502716381072,122.31524362905247,0.1537372776652776,79.6609866101674
45,79.99900000642742,79.99900000642742,-12.0,0.1547585563945485,0.1401200075193518,0.371801759381822,0.330140936245322,2.904232144064386,120.63195455642337,23.07324981974204,104.15575847928936
45,79.99900000642742,79.99900000642742,-12.0,0.1491978749420434,0.1369686785007019,0.3170868387567166,0.3559006981882687,0.0966956644602037,121.8737605385282,15.190938813343966,92.37910727948602
45,79.99900000642742,79.99900000642742,-12.0,0.1524698510952912,0.1157767220085018,0.4070802064284989,0.3333476116153687,2.4130904460462825,122.8246432741704,0.9680202857755916,79.32094400971603
45,79.99900000642742,79.99900000642742,-12.0,0.1536497078145682,0.1145509936959818,0.4072484392159548,0.2340799176500089,2.8648226941271884,122.8252130343771,22.58371551005682,79.28556339825893
45,79.99900000642742,79.99900000642742,-12.0,0.154722440057131,0.1152951632444146,0.3752306396572144,0.2419347655312155,0.2280794620675958,123.44733620042936,35.26734346060891,91.44857453650746
45,79.99900000642742,79.99900000642742,-12.0,0.1421364091945461,0.139792453657901,0.31999744738373,0.3202516800054142,4.043453587333835,106.462043609263,22.95087235743849,101.26972170533932
45,79.99900000642742,79.99900000642742,-12.0,0.1540941409044842,0.1331522640835467,0.3273612053553262,0.2298459597972482,4.845135899167457,122.24318284538346,39.56680630747592,93.15345266407245
45,79.99900000642742,79.99900000642742,-12.0,0.1016253448575867,0.1180534130199894,0.3741598632954403,0.2847735613698648,12.476723745158926,124.16695661280636,15.438410948000993,89.74388977484793
45,79.99900000642742,79.99900000642742,-12.0,0.1199118435718509,0.139182964332591,0.3733306935935578,0.344725614061978,1.2993073938938913,120.4907711674284,0.8749365662486199,91.73560799640624
46,79.99900000642742,79.99900000642742,-12.0,0.152305955155372,0.139792453657901,0.3268623150874333,0.2948055760211446,4.081154342362901,122.16066914865148,41.26540884437159,99.86438235195445
46,79.99900000642742,79.99900000642742,-12.0,0.1536869909481701,0.1369686785007019,0.3170064639830457,0.3559006981882687,0.1036005383680573,121.87855151827134,22.68288250763349,92.37910727948602
46,79.99900000642742,79.99900000642742,-12.0,0.1116442967094074,0.1366743737776138,0.3525075246597025,0.3464881412469529,0.0060502716381072,122.31524362905247,26.45747370886255,79.6609866101674
46,79.99900000642742,79.99900000642742,-12.0,0.1547897172404481,0.1389624722171878,0.3431524651728238,0.3151978568739358,0.2207853731775282,120.64867395973208,15.209220016547867,64.88979191217615
46,79.99900000642742,79.99900000642742,-12.0,0.1104043588681276,0.1369710844521285,0.3431497783803484,0.2274993771015289,4.945555766079615,83.55469893509407,23.8120435836095,101.9716046944216
46,79.99900000642742,79.99900000642742,-12.0,0.1524321135652696,0.1153370960343493,0.4059237187455665,0.3331567992379566,2.4130904460462825,122.3110629055179,0.933509617993998,92.22196645143556
46,79.99900000642742,79.99900000642742,-12.0,0.1494219994833177,0.1491529954689295,0.3447047893033676,0.2274993771015289,4.945555766079615,83.55469893509407,0.0213030803142064,82.37415719292804
46,79.99900000642742,79.99900000642742,-12.0,0.1518513843145661,0.1166413795066979,0.3992908893400662,0.3480229700392704,10.379935058202417,122.8246432741704,23.593777799663,80.02051451181585
46,79.99900000642742,79.99900000642742,-12.0,0.1523258489307165,0.1334875582784773,0.3725776387807709,0.2244384204963426,4.08281282596698,106.5820959593852,22.929250427601545,100.6746678660756
46,79.99900000642742,79.99900000642742,-12.0,0.1199367651620438,0.1397179227679318,0.3527052209914101,0.3598110100774657,4.283257139570729,122.32462827643904,3.5332156169367472,92.7562704596085
46,79.99900000642742,79.99900000642742,-12.0,0.1491978749420434,0.1320476062521729,0.3170868387567166,0.2956976566391227,0.2062412162036719,121.8737605385282,15.190938813343966,100.13695588442155
46,79.99900000642742,79.99900000642742,-12.0,0.1489496301104766,0.1408977289222529,0.3743771126995388,0.2977179523889332,0.742372177141422,105.33300887586412,15.408192530212036,101.02542073197654
46,79.99900000642742,79.99900000642742,-12.0,0.1526731961160947,0.139792453657901,0.3746475511524107,0.2990313589549591,4.197902869831706,106.36507481695826,38.15141073958334,100.5085272204537
46,79.99900000642742,79.99900000642742,-12.0,0.1547585563945485,0.1401200075193518,0.3733567703048412,0.330140936245322,2.904232144064386,120.63195455642337,23.07324981974204,84.55831097779577
46,79.99900000642742,79.99900000642742,-12.0,0.1201063206113113,0.1405178566659877,0.3612575095688858,0.3473470842905095,11.168122272599692,121.78471030658736,23.80610416850232,64.38634828374238
46,79.99900000642742,79.99900000642742,-12.0,0.0805844785684995,0.1397179227679318,0.3758865453781161,0.2632101961408202,3.711317522785458,118.10600194780574,39.72215494745063,89.95213590386545
46,79.99900000642742,79.99900000642742,-12.0,0.1540941409044842,0.1400342575948998,0.3273612053553262,0.3001889860996202,4.845135899167457,122.24318284538346,39.56680630747592,93.15345266407245
46,79.99900000642742,79.99900000642742,-12.0,0.11926406005591,0.139182964332591,0.3703551083681674,0.2994312775288164,11.375064838480252,120.4907711674284,17.2783828397625,91.73560799640624
46,79.99900000642742,79.99900000642742,-12.0,0.1023120861162771,0.1180534130199894,0.3676107288181836,0.2843953306831417,12.476723745158926,124.16695661280636,1.6888767641257756,89.85588499317252
46,79.99900000642742,79.99900000642742,-12.0,0.1171659093087103,0.1458490905191928,0.2615813442826288,0.2428260693182136,11.091770210224116,123.64557106054242,38.979925082990135,79.16709031233492
46,79.99900000642742,79.99900000642742,-12.0,0.1178485847626271,0.1145509936959818,0.4073288139896259,0.2340799176500089,2.8751146345884893,122.82042205463397,15.09177181576842,85.92143313871952
46,79.99900000642742,79.99900000642742,-12.0,0.1491978749420434,0.140460478713249,0.4009939391448193,0.3485636475120122,0.0223709488667556,122.6170195425277,15.997895303105125,80.46583171418294
46,79.99900000642742,79.99900000642742,-12.0,0.1523258489307165,0.1403695517898303,0.3725776387807709,0.2957675567255772,4.08281282596698,120.52058481554783,22.87190100483235,100.91750182787388
46,79.99900000642742,79.99900000642742,-12.0,0.1199367651620438,0.1397179227679318,0.353312231273995,0.2408695368717369,5.323301027312198,102.40302008327302,0.1444103480090621,91.4172152839064
46,79.99900000642742,79.99900000642742,-12.0,0.1547380563394544,0.1152951632444146,0.3726368395767173,0.2700818223934262,0.3729641497769651,106.24469695409194,21.102730491063294,91.44857453650746
46,79.99900000642742,79.99900000642742,-12.0,0.1541313557860219,0.1331522640835467,0.3730421474761617,0.2841672283372158,5.175648789035959,92.0893292650476,39.56680630747592,90.4030274810294
15,6416.9681188596,0.0,-12.0,0.1165039773849902,0.365512810196786,0.266046662658968,0.6296871797111823,33.810500138152136,210.71529311194183,41.74402425014894,180.46816732927715
20,6416.9681188596,0.0,-12.0,0.1188063968196332,0.3655055344862962,0.2622790837771019,0.6298332227063095,33.810500138152136,210.71529311194183,41.74402425014894,86.2386950314161
21,6416.9681188596,0.0,-12.0,0.1158898624907002,0.2908170069559105,0.3523081910468678,0.6458663874051411,33.810500138152136,211.5466897141148,47.75985665686238,71.70932148203913
22,6416.9681188596,0.0,-12.0,0.1165039773849902,0.365512810196786,0.266046662658968,0.6296906411345297,33.810500138152136,210.71529311194183,36.88188895373389,180.46816732927715
23,6416.9681188596,0.0,-12.0,0.118745500395638,0.3655057005628279,0.2621605414722988,0.6298332227063095,33.810500138152136,210.71529311194183,41.74402425014894,115.13378093312684
23,6416.9681188596,0.0,-12.0,0.1188063968196332,0.3655055344862962,0.2565211611817711,0.6298332227063095,33.810500138152136,210.71529311194183,41.74402425014894,90.00488754857427
24,6416.9681188596,0.0,-12.0,0.1165039773849902,0.365512810196786,0.2620133556692793,0.6298332227063095,33.810500138152136,210.71529311194183,41.74402425014894,174.4428322137909
25,6416.9681188596,0.0,-12.0,0.1188031926368124,0.3655057497459193,0.262290954268337,0.6298332227063095,33.810500138152136,210.71529311194183,41.74402425014894,90.64150149571772
25,6416.9681188596,0.0,-12.0,0.1165039773849902,0.3655354966502126,0.2620171525253025,0.6363355344571109,33.810500138152136,210.71529311194183,41.74402425014894,175.30046357277578
25,6416.9681188596,0.0,-12.0,0.118745500395638,0.3655057005628279,0.2679852717076598,0.6298332227063095,33.810500138152136,210.71529311194183,41.62175729275111,118.13698191848272
25,6416.9681188596,0.0,-12.0,0.1165071815678111,0.3655125949371629,0.2620014851780442,0.6298332227063095,33.810500138152136,210.71529311194183,41.74402425014894,170.04002564228136
26,6416.9681188596,0.0,-12.0,0.1188043139558693,0.3655057005628279,0.2679852717076598,0.6298332227063095,33.810500138152136,210.71529311194183,41.62147719326509,118.13698191848272
26,6416.9681188596,0.0,-12.0,0.1165039773849902,0.365512810196786,0.2620133556692793,0.6296903189167051,33.810500138152136,210.71529311194183,41.74402425014894,174.23660581193462
26,6416.9681188596,0.0,-12.0,0.118747583259402,0.3655055344862962,0.2622790837771019,0.6298332227063095,33.810500138152136,210.71529311194183,33.0639317409583,86.2386950314161
27,6416.9681188596,0.0,-12.0,0.1187063727227916,0.3655057005628279,0.2621517409905656,0.6296677065298218,33.810500138152136,210.71529311194183,41.74402425014894,115.13378093312684
27,6416.9681188596,0.0,-12.0,0.1188043139558693,0.3655057005628279,0.2679852717076598,0.6346404899982189,33.61560213408987,210.71529311194183,22.73653653445445,118.13698191848272
27,6416.9681188596,0.0,-12.0,0.1165039773849902,0.3655354966502126,0.2620171525253025,0.6362763133893097,33.810500138152136,210.71529311194183,41.76232677446453,180.4952638080576
28,6416.9681188596,0.0,-12.0,0.1187466109218288,0.3655057005628279,0.2679852717076598,0.6298332227063095,33.810500138152136,210.71529311194183,41.62175174043851,121.9352934012144
28,6416.9681188596,0.0,-12.0,0.1188043139558693,0.3655057005628279,0.2679852717076598,0.6346404899982189,33.61560213408987,210.71529311194183,15.256111077935447,117.90207158733118
31,6416.9681188596,0.0,-12.0,0.1165039773849902,0.3655058604318814,0.2679696022190122,0.6295375664419988,33.810500138152136,210.71529311194183,41.76200734002285,180.4952638080576
31,6416.9681188596,0.0,-12.0,0.1187063727227916,0.3655353367811591,0.2620192957514875,0.6364064534771315,33.810500138152136,210.71529311194183,41.74434368459063,115.13378093312684
34,6416.9681188596,0.0,-12.0,0.1165039773849902,0.3655058604318814,0.2676135809126531,0.6354517332633365,33.83471013914023,210.71529311194183,41.09956191869122,180.4952638080576
36,6416.9681188596,0.0,-12.0,0.1165039773849902,0.3655058604318814,0.2765394854753587,0.6295375664419988,33.810500138152136,210.71529311194183,41.66593238827895,180.4952638080576
37,6416.9681188596,0.0,-12.0,0.1165039773849902,0.3655058604318814,0.2765394854753587,0.6295375664419988,33.810500138152136,210.71529311194183,32.03559559335686,180.4952638080576
37,6416.9681188596,0.0,-12.0,0.1165039773849902,0.3655058604318814,0.2679696022190122,0.6295375664419988,33.810500138152136,209.74816588574248,41.7413203824467,180.4952638080576
38,6416.9681188596,0.0,-12.0,0.117896818978116,0.3655353367811591,0.2620192957514875,0.6301046102770076,33.810500138152136,210.71529311194183,41.74434368459063,92.77302953412196
