path,size_bytes,sha256
analysis_freeze.yaml,875,d5166f1bebeb3ffb629c7273dd7d7443bab3051ef77e435635848608b80f07b0
config/production.yaml,3911,eedbbee512bb8b0ff5e0475c8b1e5041c756345d48eeb7775ba78e56de5377a9
data/metadata/acquisition_ledger.csv,119529,4649cf8b040e61f15db58f63a27e3555efc04623e329505f3b925f67022be536
data/metadata/jma_daily_20260924T120000Z.json,72867,fc76bc8cb9976a05c65410fc94fd9b1c5a2eabd301c586e5d331ce328859b03c
data/metadata/research_sources_20260924T103000Z.json,30751,a3a5de326803dff5909fe1852987bac63b85cb2e26361948c7b0e81992f85f63
data/metadata/research_sources_20260925T042713Z.json,1008,c18aabe14a303e917794512c2aa588cb7c74eb4f9ced0a7b5be52a0f562245d3
data/processed/jma_daily_observations.csv,119547,a402190f614e9df9ff88dd151818e3c391d42765c43e922c4008d0f57a598320
data/raw/jma_daily/20260924T120000Z/s47433_2021_11_daily.html,36276,b2e0f67a25769f131055c1b3c8afce950c0bc09888a2284e00619bf097e4df92
data/raw/jma_daily/20260924T120000Z/s47433_2021_11_daily_headers.json,1161,b088b57439991d9081e48037e12117f78893f7ae96cd05901b9432843e1bb398
data/raw/jma_daily/20260924T120000Z/s47433_2021_11_daily_request.json,109,8ace9e0de0aa45df549a49d102768f70ffc1b780ad039c73dfd9b593837857d5
data/raw/jma_daily/20260924T120000Z/s47433_2021_12_daily.html,37201,daead0a7be04e5aeaba7cce86c3036152dd70775868b4340583fcd903b690dc7
data/raw/jma_daily/20260924T120000Z/s47433_2021_12_daily_headers.json,1161,46bbfc08ea97e82a7a46171ad854f95be998155db9615b4924da85da1ef44d65
data/raw/jma_daily/20260924T120000Z/s47433_2021_12_daily_request.json,109,d563e14ee0d05f1ea5fbe5b954e35f85edd8c81e9cf68708e1408a96a68bb2cc
data/raw/jma_daily/20260924T120000Z/s47433_2022_01_daily.html,37254,b7a61da8a4dbbb320b961835fc3ca54962bdb54e1dd6471cd61a70c502cfd771
data/raw/jma_daily/20260924T120000Z/s47433_2022_01_daily_headers.json,1161,3f7b3cae13f957f42c28c1b6818f7b291f519c6aebd8dc2ae1351aad1a09523c
data/raw/jma_daily/20260924T120000Z/s47433_2022_01_daily_request.json,109,39619f9416506d080804724a0a71716aa33f430f8d3ea10dfd8ffdcc414768ec
data/raw/jma_daily/20260924T120000Z/s47433_2022_02_daily.html,34642,458051392fedb3736391b573058c0d8783a0dff93c1ccd24dd4f79eb4f6268b8
data/raw/jma_daily/20260924T120000Z/s47433_2022_02_daily_headers.json,1161,6b408ce939b561f421ff2787e1030187ef0618639353e3d69eb5529bb530185c
data/raw/jma_daily/20260924T120000Z/s47433_2022_02_daily_request.json,109,b7bd6cd8810b9b630cbd20480051b6036edc353d1a2aa0d25749ad9b36f9ca49
data/raw/jma_daily/20260924T120000Z/s47433_2022_03_daily.html,37187,2ab46ae4b44ae1e25777614cb5edf1333e8d1fc7d9f1bf0d17fbb506232c4808
data/raw/jma_daily/20260924T120000Z/s47433_2022_03_daily_headers.json,1161,f19ab03983954c6c4344aa7d59bfc4c0a704d082681fc7e19697fcbf1daa9490
data/raw/jma_daily/20260924T120000Z/s47433_2022_03_daily_request.json,109,b7cf1d9bad7a68f0c1cac8024b4f5f5d3ffac2efb71874c5924e4388c9ae6854
data/raw/jma_daily/20260924T120000Z/s47433_2022_04_daily.html,36263,77e516c02d952db1b2c49e81488e43624899c0dd73715457ca5e364c84d3f14b
data/raw/jma_daily/20260924T120000Z/s47433_2022_04_daily_headers.json,1161,f6e1ab160dddaa2cfac6ac892d979720fbe211f0445fe7e8579d3933eba49be4
data/raw/jma_daily/20260924T120000Z/s47433_2022_04_daily_request.json,109,a46ab6c39edf09d773742b471ca8b649acbe9f30e4e721346751e104a623da83
data/raw/jma_daily/20260924T120000Z/s47433_2022_11_daily.html,36319,eff4df7627b5784089cea752366f982d749658aa4f7a8b357d239cc8c32ea8ae
data/raw/jma_daily/20260924T120000Z/s47433_2022_11_daily_headers.json,1161,b9000913b090ac72a5857045944fc995e1596e764656c217ea0e2dde32d7ef59
data/raw/jma_daily/20260924T120000Z/s47433_2022_11_daily_request.json,109,c4c609a07f88e0a83385d32fb125c50a714d206a4cc1418ace88d5ec9cfbb692
data/raw/jma_daily/20260924T120000Z/s47433_2022_12_daily.html,37236,225231297b3d6855a3ec2c1c63496fcc3af9bd0c6024b992cba1be5210e0927c
data/raw/jma_daily/20260924T120000Z/s47433_2022_12_daily_headers.json,1161,fc24831b2100153b14cca841a5b65324a31b3c06e1792edaab93d29a7886d2b0
data/raw/jma_daily/20260924T120000Z/s47433_2022_12_daily_request.json,109,f78a5a9bd33ce49b7993c683c2735c00725ffe4ff6c2ad52394b36c505b82605
data/raw/jma_daily/20260924T120000Z/s47433_2023_01_daily.html,37281,a3757198b78bdb111558b99c9352474ad79e06d6403ab5909aeb9af544b08133
data/raw/jma_daily/20260924T120000Z/s47433_2023_01_daily_headers.json,1161,20bc687685f0708757fc9c3d424d2bf125ec35d11d2d89b7f72e4696f15dc73f
data/raw/jma_daily/20260924T120000Z/s47433_2023_01_daily_request.json,109,96cf130c44a99e83f4e820f5360c464607fda4711f848c17a4d8e7a44f1054de
data/raw/jma_daily/20260924T120000Z/s47433_2023_02_daily.html,34659,ffcf961bf458b9ac3f35a5d39d78fa0f481aeb5f04adfc2c51c1fea4f8019fcc
data/raw/jma_daily/20260924T120000Z/s47433_2023_02_daily_headers.json,1161,a33d8f6b298f9855068a44e99acdc403e3f073a0b91b708c53b5fba3956523d4
data/raw/jma_daily/20260924T120000Z/s47433_2023_02_daily_request.json,109,d7705335f0ec35fd2e0ed5910f08b67e5a555e424aece743e53841c1c146e3a9
data/raw/jma_daily/20260924T120000Z/s47433_2023_03_daily.html,37222,51553e1b0a8590540e6a07ee54fc74487c03cb78fcef6e68baca454e25e4e4ae
data/raw/jma_daily/20260924T120000Z/s47433_2023_03_daily_headers.json,1161,f6bc9d0cbee3638428b83a72797a737283cb04d96d0ebbdc44fe3eeeafa4f71d
data/raw/jma_daily/20260924T120000Z/s47433_2023_03_daily_request.json,109,b618fd246fde77081642aa18ba3faeab1af0efc17bd0ce5ed6774037853be530
data/raw/jma_daily/20260924T120000Z/s47433_2023_04_daily.html,36325,3efcbc85a637aa4dd434b1929b8e01f7e189d325c43f52379be3e064ae6571fd
data/raw/jma_daily/20260924T120000Z/s47433_2023_04_daily_headers.json,1161,0a352dc8f4624b1471c6dda903d495ba332535f90e11412b121b8cb988ece1ec
data/raw/jma_daily/20260924T120000Z/s47433_2023_04_daily_request.json,109,ca74d7b9213e48dd89ec066cff8ecad4f7d10b65b425be5da058d3d4084c9c4b
data/raw/jma_daily/20260924T120000Z/s47433_2023_11_daily.html,36351,e89879dc20c5ef4debf2569573d50ad0104b0b7135da40337cdd0b9ec4d9dd4b
data/raw/jma_daily/20260924T120000Z/s47433_2023_11_daily_headers.json,1161,b8b1d2975bb5c1eba9cfcf50f4c631f0da8af159d731cff86603c8cfcff29664
data/raw/jma_daily/20260924T120000Z/s47433_2023_11_daily_request.json,109,be196a665347957bb94b98cf9d7c17611a53006bbc73df56017afd14db09d860
data/raw/jma_daily/20260924T120000Z/s47433_2023_12_daily.html,37226,8ff8aca655c62424f158f80cd5f637b2231a44ac20cf097d6c0ac65893dc8215
data/raw/jma_daily/20260924T120000Z/s47433_2023_12_daily_headers.json,1161,f537bd17b7f482399f6788fb36a49f81c3c31fd1e6f7db4765e3b47ba908f054
data/raw/jma_daily/20260924T120000Z/s47433_2023_12_daily_request.json,109,18d390c87c5cc99a144ae5de5742358068a663836720e89d7ffd08b621504f77
data/raw/jma_daily/20260924T120000Z/s47433_2024_01_daily.html,37265,a5bfe55e3c707d38f0d7714a7bb6e2f3366fd264e0c6b92313a69cb1631e9b01
data/raw/jma_daily/20260924T120000Z/s47433_2024_01_daily_headers.json,1161,802bb786b09c131043ecd58450f74f6231e6852f5c90e93bf4ae0d0504dccf99
data/raw/jma_daily/20260924T120000Z/s47433_2024_01_daily_request.json,109,909c4c6e61fc3df938422a9919f36430f0681284715d46c9c23c0fc64a6b9140
data/raw/jma_daily/20260924T120000Z/s47433_2024_02_daily.html,35478,325378f5f66b514106ffe50ce04c5f74fca91a42fb19139152d489265a14ea0c
data/raw/jma_daily/20260924T120000Z/s47433_2024_02_daily_headers.json,1161,71e8ef51f1a6fd2924d281884285abdb78d242061ba71cf202f4a9c4c116fff6
data/raw/jma_daily/20260924T120000Z/s47433_2024_02_daily_request.json,109,54a04c6c8af897c52e42d234e4f301cc43375b9ea19f75d4b86e598db7e9da1b
data/raw/jma_daily/20260924T120000Z/s47433_2024_03_daily.html,37177,5a4c608f5ef389a807e467d5b572bcac841ff88c8c5aa303fe6989161645fbe0
data/raw/jma_daily/20260924T120000Z/s47433_2024_03_daily_headers.json,1161,d0502a293edca8ca4e4b38bc26dae1c7b9d456fd75efb583eb62cdccdbfd1ca6
data/raw/jma_daily/20260924T120000Z/s47433_2024_03_daily_request.json,109,5ac3701f3ab77f19bdc6d24e546115175bfe67e74fc20a8688445518e48bfc35
data/raw/jma_daily/20260924T120000Z/s47433_2024_04_daily.html,36289,ee3c07ad91eee10d6be44f980f5fdaf8f4132fcf8ffb4c13b20c1abf9817cd8f
data/raw/jma_daily/20260924T120000Z/s47433_2024_04_daily_headers.json,1161,390fcc85f274aed3089a8150050187e12f17a13c9caa06abca0c4c8f7eabb9dc
data/raw/jma_daily/20260924T120000Z/s47433_2024_04_daily_request.json,109,9e7f263e4908b7d80ec05885efca766470aa4ff86b2c3794f7ab2048270d19ae
data/raw/jma_daily/20260924T120000Z/s47520_2021_11_daily.html,36303,9867df599cdf274104f4e649faabac85b586ddadf51369c007524f29efe91a86
data/raw/jma_daily/20260924T120000Z/s47520_2021_11_daily_headers.json,1161,aa30bdb472b081eec60d625f47b6058e69687977d71b56e885f055890f4ce597
data/raw/jma_daily/20260924T120000Z/s47520_2021_11_daily_request.json,109,88df3beb0f11ae3af6ae9d64ae2580a1aa6d1eb3ace90581131309cda0b48168
data/raw/jma_daily/20260924T120000Z/s47520_2021_12_daily.html,37185,43e7fe1b183f5af35d549c17a6f0a7bc3d6bd3cb673fa69b6a6fa61ebfa63d67
data/raw/jma_daily/20260924T120000Z/s47520_2021_12_daily_headers.json,1161,c7a20b43addeb6f33c17d621efe824527d8c709b220231126e1185f071ec8993
data/raw/jma_daily/20260924T120000Z/s47520_2021_12_daily_request.json,109,5d201300a082eb54292af910cb99376a5808125b67b97e63bd502325ce9ecbf5
data/raw/jma_daily/20260924T120000Z/s47520_2022_01_daily.html,37258,ba008f46d997610a16683986df8e1891ed15b5ad48bb7e8c4711ae1709bcd4d3
data/raw/jma_daily/20260924T120000Z/s47520_2022_01_daily_headers.json,1161,1fd5cf958a6f21edec7357c18973ea392ee19a4166116b98c3439f81c08decaa
data/raw/jma_daily/20260924T120000Z/s47520_2022_01_daily_request.json,109,462802986e95ed3379f3605b336e5407dda54dbd60f8fb281d5ca8dced028b93
data/raw/jma_daily/20260924T120000Z/s47520_2022_02_daily.html,34580,8e1e99d3cf4b79f697a61d624fc524303b0eb46ff7c2975e193d81311b9f2039
data/raw/jma_daily/20260924T120000Z/s47520_2022_02_daily_headers.json,1161,bcff88c77bb4eb45b4de44e795c63f845ea81581e3870df58fee73fb9264a45f
data/raw/jma_daily/20260924T120000Z/s47520_2022_02_daily_request.json,109,cbb1c0611b2b112addb2c4a03a5fec8852bc03f4413a6eb342e06f4ff0d2b295
data/raw/jma_daily/20260924T120000Z/s47520_2022_03_daily.html,37215,7689848d0c16deb73bfc90be3d9a63666cf332e4e4231ce4d88f485d72b07e4e
data/raw/jma_daily/20260924T120000Z/s47520_2022_03_daily_headers.json,1161,954f29f1c53ba396bc8e810524401468585951ccc860caba6a2773de949083ca
data/raw/jma_daily/20260924T120000Z/s47520_2022_03_daily_request.json,109,e98d0bf2605b83593539fd957137df123a11b9a7cbcfe19ce83ccb14d8d1e886
data/raw/jma_daily/20260924T120000Z/s47520_2022_04_daily.html,36289,a63929650e66c4b91096b12736842d55c1b25c8349223f0639a11d82f8c91e20
data/raw/jma_daily/20260924T120000Z/s47520_2022_04_daily_headers.json,1161,cd050ea2bcde88fa852519271c26e7a00cbfdda6685b798770f1ad931f41c41b
data/raw/jma_daily/20260924T120000Z/s47520_2022_04_daily_request.json,109,7f4fcb8b9653d169d34b4ddc62b623e260bd93b8e6becc198322642e11bd4f72
data/raw/jma_daily/20260924T120000Z/s47520_2022_11_daily.html,36314,3663baa08e216efa5a7f55dc24aed8088d1907a9dd2b74b6e9d347d542cafab4
data/raw/jma_daily/20260924T120000Z/s47520_2022_11_daily_headers.json,1161,17a6a0f9647e2f86e106a62e3f3525d3be756fc028c1356502698319ffa2409b
data/raw/jma_daily/20260924T120000Z/s47520_2022_11_daily_request.json,109,a1de05a6fa2afc637f9870ccea185ce1cc0a8117f1af28f7415880bb98641b41
data/raw/jma_daily/20260924T120000Z/s47520_2022_12_daily.html,37202,d04a4c9ac8f9eb1464ceed3dfa58f07d27cc43367337bd5fb0e9ce652e7a6806
data/raw/jma_daily/20260924T120000Z/s47520_2022_12_daily_headers.json,1161,973152a605ee2f7b6076c0818c648671244789a9712597695d79a2f6c82ccb32
data/raw/jma_daily/20260924T120000Z/s47520_2022_12_daily_request.json,109,efd6d4b4c0c9bb1b369f84b4266c0d393725454577928f4531c36c7859bf821b
data/raw/jma_daily/20260924T120000Z/s47520_2023_01_daily.html,37237,76f0c4037db741d7017d7d9080a68d989fa4d12a92eef930b42c85e6b54fea34
data/raw/jma_daily/20260924T120000Z/s47520_2023_01_daily_headers.json,1161,447d0199cf432de104e53c3635dcdf9d68d99f7687605f8ab430008d79e4849e
data/raw/jma_daily/20260924T120000Z/s47520_2023_01_daily_request.json,109,094a7ec83dbf35e8d1d933012b63d56cf0b06a32543c5fe842f1e3a03327bf55
data/raw/jma_daily/20260924T120000Z/s47520_2023_02_daily.html,34519,f2ea7592577f2d497bc92951a51d156bde07d1443e69e978b6980c5efb53e8e3
data/raw/jma_daily/20260924T120000Z/s47520_2023_02_daily_headers.json,1161,fcc39acaa350e0c3ab5820c70788fabab05ed67a55de6cb8a2c5c56049c1c710
data/raw/jma_daily/20260924T120000Z/s47520_2023_02_daily_request.json,109,2803a79ec34fa9056f25a4456bdf4f442dec17933c83fbffe9097b8aa481e85b
data/raw/jma_daily/20260924T120000Z/s47520_2023_03_daily.html,37176,027ef512adf3609aced47a0d711d526281d519bbc74b6f9dfe4a668aee30a48e
data/raw/jma_daily/20260924T120000Z/s47520_2023_03_daily_headers.json,1161,222304e8aac78c4050e7a0c638ede503fdb8932be9cede449616e4c405ec2896
data/raw/jma_daily/20260924T120000Z/s47520_2023_03_daily_request.json,109,d1bb468e7844eac34829f57c89a25616cfe4c1a0b3c6a45558ea26ac1cfc4f81
data/raw/jma_daily/20260924T120000Z/s47520_2023_04_daily.html,36315,5c44d0ce84309b09751b7b944514e9a10aae07cb91aebbf1a2b681a8a1d26566
data/raw/jma_daily/20260924T120000Z/s47520_2023_04_daily_headers.json,1161,288a841dd33c613f8663957d1252a368752122518b9ab91003475145928c573e
data/raw/jma_daily/20260924T120000Z/s47520_2023_04_daily_request.json,109,3e799c9f863a57f44838ca8d7bc2f03b0a36af8a85cd6ce1113e3c01a3c4e570
data/raw/jma_daily/20260924T120000Z/s47520_2023_11_daily.html,36338,75eb16ec8d391e0aac07c6d879f779cc494eab40a7866ffb4d7e6039ed726419
data/raw/jma_daily/20260924T120000Z/s47520_2023_11_daily_headers.json,1161,fbcf7570a4792daa571641429e1514fed1ab9b5e57919afa162725f5427793eb
data/raw/jma_daily/20260924T120000Z/s47520_2023_11_daily_request.json,109,c18e1595b4c8256be4cc03042279ff99a5545636e57a5fa6af5693d6a30cc7f8
data/raw/jma_daily/20260924T120000Z/s47520_2023_12_daily.html,37214,0b482ae62dd4fba3917e29f35c7183bbafead69a26ebd3851474c3323773723c
data/raw/jma_daily/20260924T120000Z/s47520_2023_12_daily_headers.json,1161,9c40ef20624e272f8118699d4300a45ed99ec2900a8c4c22e26bf40b39218bc2
data/raw/jma_daily/20260924T120000Z/s47520_2023_12_daily_request.json,109,92ba55b3fc0590c5a89d24f70bfacaeee3d782cf35e90368863b4c52c75aa3d0
data/raw/jma_daily/20260924T120000Z/s47520_2024_01_daily.html,37247,87e82e2b596b5d4990462a24b384b598d8b4c10a7e25c951c29d86e2c709a44d
data/raw/jma_daily/20260924T120000Z/s47520_2024_01_daily_headers.json,1161,345e589c1e1a798a0cb0c9861e5d80df09c8ed79b289749fe5b2ab0b8a41f594
data/raw/jma_daily/20260924T120000Z/s47520_2024_01_daily_request.json,109,be77e755a6e6849aca0cdc8eab52fd16b53a48511eb4492f500a84c7b62a30e1
data/raw/jma_daily/20260924T120000Z/s47520_2024_02_daily.html,35418,8262ed9a29f13e07782f455fa72573f969d1cc9907b1a74dbfc619164af08ba2
data/raw/jma_daily/20260924T120000Z/s47520_2024_02_daily_headers.json,1161,2e4eb7599decbd0ce8a9a25246e2194c9d7811fd0f40abe73867b4f7c5a206de
data/raw/jma_daily/20260924T120000Z/s47520_2024_02_daily_request.json,109,1c3a5af117c4f768c5edd01e5882b8f96175458a0e19ef3b1cf579e7aa62ab2a
data/raw/jma_daily/20260924T120000Z/s47520_2024_03_daily.html,37137,56a5615e1587e95f4bff4922cfc6067242349456974bb99e14d407f683ac782f
data/raw/jma_daily/20260924T120000Z/s47520_2024_03_daily_headers.json,1161,76ee9b89a017791bf7dca30cfdd58a59281ea0ec432f24f458169e77cf06af75
data/raw/jma_daily/20260924T120000Z/s47520_2024_03_daily_request.json,109,19466ec9d773190ec95664b4ef8e29efb1e9165b37df9df9f38bda2faeb4dc45
data/raw/jma_daily/20260924T120000Z/s47520_2024_04_daily.html,36318,5a42ce80919ca4da6b935ec8e2ed9da88022d3b51bd902ef9f4008dbf7cc34ef
data/raw/jma_daily/20260924T120000Z/s47520_2024_04_daily_headers.json,1161,ec0df9f4aa735ecc718fffa29ead8defdae18a72a8049d9dd810e4f39db424f4
data/raw/jma_daily/20260924T120000Z/s47520_2024_04_daily_request.json,109,c5d201131b015746020693576ee72bba3f411041ddabbd6795891679ac104e22
data/raw/jma_daily/20260924T120000Z/s47575_2021_11_daily.html,37409,5164b636747b8d9208ff2654f3288684c73ddca759fe53fa8ede27d1c735ea9c
data/raw/jma_daily/20260924T120000Z/s47575_2021_11_daily_headers.json,1161,f2ee2020d838f3b0cfced401ebf0c41e83b6814c51c1c4129d0eb21a366d3f85
data/raw/jma_daily/20260924T120000Z/s47575_2021_11_daily_request.json,109,3ab7d8a98e2124c2357885671f6f44e8c9ccf2dff2700e7cb8639d9ff925e02a
data/raw/jma_daily/20260924T120000Z/s47575_2021_12_daily.html,38231,31cc72caacd1aa37e40724fe4060650fa1745ed1c97fb2e3b28662ddcd125f0b
data/raw/jma_daily/20260924T120000Z/s47575_2021_12_daily_headers.json,1161,413759122a5a83aced676fa16e9d27be4df6a348d0fb052c8d6823ae96954f2a
data/raw/jma_daily/20260924T120000Z/s47575_2021_12_daily_request.json,109,a919cd18d811d2a83bb0949def3b4cc0f990b24dd246c01b465ab89fb4d1a520
data/raw/jma_daily/20260924T120000Z/s47575_2022_01_daily.html,38272,aff825e363a7a0322cc6049d48364ab184bcf48bd2f21f80c794c81b303d26b3
data/raw/jma_daily/20260924T120000Z/s47575_2022_01_daily_headers.json,1161,23b80fb473ba6ecdbf9cd43bde7a7f2d39b21cd6500691052ae60283d12e7f25
data/raw/jma_daily/20260924T120000Z/s47575_2022_01_daily_request.json,109,49e278421001a712bd3bee5f491cb8388b475d3ec55a43fdf4168a63c0ebeea8
data/raw/jma_daily/20260924T120000Z/s47575_2022_02_daily.html,35522,cf05b7dd798f70a493cc124a1b82b6d320a810f536478ba209954636f06b6fc8
data/raw/jma_daily/20260924T120000Z/s47575_2022_02_daily_headers.json,1161,cddf30d87a074866590d726fa39fcd1710cb00d015e0d0fbf08bc1b77d206135
data/raw/jma_daily/20260924T120000Z/s47575_2022_02_daily_request.json,109,06fff0cc0479a2abcb9860e641f1ce38594dc27645611b26962741cd49275eae
data/raw/jma_daily/20260924T120000Z/s47575_2022_03_daily.html,38439,9109c2ebed403fb4b6d951a08faba7ec661d1b955aab60c63d677db6e5cdc5bc
data/raw/jma_daily/20260924T120000Z/s47575_2022_03_daily_headers.json,1161,5c3ffed4f0a501e4e1b3fb855733d0798b37b0421ac1b470d9146b7ef728030e
data/raw/jma_daily/20260924T120000Z/s47575_2022_03_daily_request.json,109,838e85dc8200f39647c30babd8af4c5a11e6c9f1c0c4fc099cdaf775617b96dd
data/raw/jma_daily/20260924T120000Z/s47575_2022_04_daily.html,36983,3c0f0abcfaf449a146977a8db5c3a3d52a1983d7b8aeb52077ae2c915e5626b4
data/raw/jma_daily/20260924T120000Z/s47575_2022_04_daily_headers.json,1161,5e7d1700dfa433835f5fa56f4724af798829e1357c4bc4bcf7e77a68d0e0ed26
data/raw/jma_daily/20260924T120000Z/s47575_2022_04_daily_request.json,109,8161cde7c999105c034948b346864102af1bad1f3339312a276979133a9a52f1
data/raw/jma_daily/20260924T120000Z/s47575_2022_11_daily.html,37313,5788b6f390ce286e0832cf3fd9646b9f10886a03af186fb1e50e19ae32f4d101
data/raw/jma_daily/20260924T120000Z/s47575_2022_11_daily_headers.json,1161,fafd0503c40f2880ca6b83ff287b0ea56869281a8ee186780d11bfc04904371d
data/raw/jma_daily/20260924T120000Z/s47575_2022_11_daily_request.json,109,76bbc917951591aaafc641fb1fd301912789f661ecf29c3e83eac65ce53ee54e
data/raw/jma_daily/20260924T120000Z/s47575_2022_12_daily.html,38408,b46794beec2678bc67c9b96ee794080dc5b945122e6f6eb87a97bf9105b8b9de
data/raw/jma_daily/20260924T120000Z/s47575_2022_12_daily_headers.json,1161,b04cdf9afcf8d6de5916c7adcff86ff023113605dda9b79b4965bbcbb74c6f22
data/raw/jma_daily/20260924T120000Z/s47575_2022_12_daily_request.json,109,733631baed3035b1bd3a3dd00af06ae4974fd65d749b689becc590b8fe760a4d
data/raw/jma_daily/20260924T120000Z/s47575_2023_01_daily.html,38144,b40fb5400e0bcceae7bdd68c9865fb98e751bf65d41568a6d6ca2a4e0653e810
data/raw/jma_daily/20260924T120000Z/s47575_2023_01_daily_headers.json,1161,1d74dd142ce750b2846eace6ad788dcaf7da33ff3ba0b3302cf8ac2b956ad66f
data/raw/jma_daily/20260924T120000Z/s47575_2023_01_daily_request.json,109,eee708919e76454584a0f8a1f850728325a04afd4e854f7895607bfdb7b84b41
data/raw/jma_daily/20260924T120000Z/s47575_2023_02_daily.html,35654,9849c541d947513ac295144d2f905eed5a1e2d038aecf9db93417dfe7ba98a62
data/raw/jma_daily/20260924T120000Z/s47575_2023_02_daily_headers.json,1161,f5a82fc3878e915e6fa3ed5024e58d276b19bb00086bed17e80ed1ff096978fa
data/raw/jma_daily/20260924T120000Z/s47575_2023_02_daily_request.json,109,73769544c9dfe3f7041fef2e33166bec672b456ca1efcc7bac587f3cece365fa
data/raw/jma_daily/20260924T120000Z/s47575_2023_03_daily.html,37957,c031c28622c692fce1e404773d8ec2e48a4aeacfd75612e1486728d7e58a30c8
data/raw/jma_daily/20260924T120000Z/s47575_2023_03_daily_headers.json,1161,7fb3d442abf69e515c8372ac597420651953d55db530e356ac2c51819b0afce0
data/raw/jma_daily/20260924T120000Z/s47575_2023_03_daily_request.json,109,49ae6ece68c314556317f27415cb0a92544da2af58ea075d4b8adf8756044c5f
data/raw/jma_daily/20260924T120000Z/s47575_2023_04_daily.html,37114,47b0e45a4e6337076fc2a7befc43a289df3b30353b60188aa7804f2228076c2e
data/raw/jma_daily/20260924T120000Z/s47575_2023_04_daily_headers.json,1161,bec62fcf21124ccdcf04292b0438520ffbb570779280b11fd4ae8f0c186e5d73
data/raw/jma_daily/20260924T120000Z/s47575_2023_04_daily_request.json,109,7b3365a7465cd52a008e8b4d2934986c0d17380d407edbf832e899c9e643caca
data/raw/jma_daily/20260924T120000Z/s47575_2023_11_daily.html,37280,4d60add3e66fa2c598007d29ae8540dd84b75b134bddf1e2f6775f552081f1c0
data/raw/jma_daily/20260924T120000Z/s47575_2023_11_daily_headers.json,1161,4bb0d410f564f5aa98f902ea7d9b697322e279b653c2c81a56b2c98c10ed9f48
data/raw/jma_daily/20260924T120000Z/s47575_2023_11_daily_request.json,109,c085a5afbed9b1765a188e57ddb771c2895af20c669b76fcfc0504c8f73ab83b
data/raw/jma_daily/20260924T120000Z/s47575_2023_12_daily.html,38364,dc4f9b36860df939a56cb2c2e5191029b4166efa600d83d20a19030291ce0b80
data/raw/jma_daily/20260924T120000Z/s47575_2023_12_daily_headers.json,1161,ef19f6ab7d5d7ecbc4b8d7705689a6600afc3bee2337a0dc7a05c1378009a963
data/raw/jma_daily/20260924T120000Z/s47575_2023_12_daily_request.json,109,f46a99337df566d8f7a6d00e486fc81a7ee713e64c364468773ae659476a6276
data/raw/jma_daily/20260924T120000Z/s47575_2024_01_daily.html,38570,5bf40ba1ad314e9cac13abc10899fc5c82816a4a4f5e32a2e63bf72157b71009
data/raw/jma_daily/20260924T120000Z/s47575_2024_01_daily_headers.json,1161,76bf577b177555f841d42718c845a01012a0aabad1f9d37144bb32e2d62e9529
data/raw/jma_daily/20260924T120000Z/s47575_2024_01_daily_request.json,109,84818fc2b3ca3bf192c2a1416808f4860035b884e8a8c6e790a0ae094b38a49b
data/raw/jma_daily/20260924T120000Z/s47575_2024_02_daily.html,36451,0556b6a4fe2b9670a19c8e0d8e065a3fb9708aa0f304ece07b721c350a8ad4ea
data/raw/jma_daily/20260924T120000Z/s47575_2024_02_daily_headers.json,1161,031e1dc7123eae19b8a6603f47b71f9c06b7ee130c2395d5d894da77ac694b78
data/raw/jma_daily/20260924T120000Z/s47575_2024_02_daily_request.json,109,8216e671fde80c46931801da5fc695e19e5518246529a4e9a4f1178a25aed64c
data/raw/jma_daily/20260924T120000Z/s47575_2024_03_daily.html,38173,adb59363a497268439defff7f13ace156b758437c9ce95bc7b25528bcc873b63
data/raw/jma_daily/20260924T120000Z/s47575_2024_03_daily_headers.json,1161,64518bc559ce6faa679b17fbc05e6e36276003a8c2db6d2888ca65b48add6658
data/raw/jma_daily/20260924T120000Z/s47575_2024_03_daily_request.json,109,437b2f77e0f25937424f6611b85d47909c3bcccddc84e64f31a0cc35fe36b7e0
data/raw/jma_daily/20260924T120000Z/s47575_2024_04_daily.html,37014,f44789177f70ab8b35687ff260f6cbfe279406b78b334f31955d835ae0e7824c
data/raw/jma_daily/20260924T120000Z/s47575_2024_04_daily_headers.json,1161,06dbd0e0bdfa6e08ce059849b51716a05faac7c498acd3e10fdaae1eae249872
data/raw/jma_daily/20260924T120000Z/s47575_2024_04_daily_request.json,109,b2424a93fe8ca251279c0c2d1476bebecfebd65cb8c50438afc18356ecc8cd5a
data/raw/jma_daily/20260924T120000Z/s47612_2021_11_daily.html,36271,f4f4baa5070bcf0fcd29735bc02387a80f0dd0f071e35d8a69fe60e10db8b46d
data/raw/jma_daily/20260924T120000Z/s47612_2021_11_daily_headers.json,1161,6ec400a914502899244cf58ae713f16c00cf9723fdb5de1bbc1cd4cc87e03040
data/raw/jma_daily/20260924T120000Z/s47612_2021_11_daily_request.json,109,2e10d38429dffb8c259fd2c6992d6443073170db8e3423ef583d6a43c7078ebc
data/raw/jma_daily/20260924T120000Z/s47612_2021_12_daily.html,37159,168eda05fb16ed662356c5952cbb83ea61111e09914b5a82ab7ae186acf8f8e1
data/raw/jma_daily/20260924T120000Z/s47612_2021_12_daily_headers.json,1161,d91f56bcc2d37ee68f46964b7f6e42d849cc928832a13bb3f270857b10984289
data/raw/jma_daily/20260924T120000Z/s47612_2021_12_daily_request.json,109,bb504800c6fb40f3e4a3acb8053d1a4c05bc0841583ab3df06a14399554fdc2e
data/raw/jma_daily/20260924T120000Z/s47612_2022_01_daily.html,37154,a61fd8c4339498aa24d4cedb54e4848720425cbc44338e98b9099ea8e8526e61
data/raw/jma_daily/20260924T120000Z/s47612_2022_01_daily_headers.json,1161,8f3ea570b08e8cc7e613c9aa72679112e0e1b2d73b650f46bf8d1e47716f3a19
data/raw/jma_daily/20260924T120000Z/s47612_2022_01_daily_request.json,109,877cac4d9edf25a5bf83e9fb1571600bb65ae0b6f734ba8e982edaf6e6bb850f
data/raw/jma_daily/20260924T120000Z/s47612_2022_02_daily.html,34497,7f1898a1d89bb6822ac58afa43b3154a13b7936c9002d4feaf1abc9dc2b50f3b
data/raw/jma_daily/20260924T120000Z/s47612_2022_02_daily_headers.json,1161,bf9a07902981b3a433ce90a99e6f3561edf18ced022f4e84d8887033256f6dd9
data/raw/jma_daily/20260924T120000Z/s47612_2022_02_daily_request.json,109,efeffb974a8c4ac0351f09c526c4633e7ad19a4dcbce2cff5ff381616fa3f8a5
data/raw/jma_daily/20260924T120000Z/s47612_2022_03_daily.html,37140,2f5b5f177a5443bdfaac01e769a2d9eecec57c6986a4390c550fb08547cdce61
data/raw/jma_daily/20260924T120000Z/s47612_2022_03_daily_headers.json,1161,c84d5c1129cb7293f2471b6224e25a70fc4510c3fe669455e5c1b23dda855463
data/raw/jma_daily/20260924T120000Z/s47612_2022_03_daily_request.json,109,65359790fe4688ee2d7dcbfaf50bf103ddda4c126daec73c531f89847b0ab819
data/raw/jma_daily/20260924T120000Z/s47612_2022_04_daily.html,36304,11a1dd5d82a07f14ee8c74dfee25181dacea0dbe4d4d8a0643ebe281b7fb56cb
data/raw/jma_daily/20260924T120000Z/s47612_2022_04_daily_headers.json,1161,541ac40b42dcadb55fa576937a1f1ead11e21fd30d7f2791e86dd6d779047e88
data/raw/jma_daily/20260924T120000Z/s47612_2022_04_daily_request.json,109,f4542254cb03a932ae04b2c09a4ec19da3f3a974d11635d69f221a0e7d765930
data/raw/jma_daily/20260924T120000Z/s47612_2022_11_daily.html,36288,7b50abdaae6b047efc630820714a0ba786ab8e05243eb2054cb8b93355ccbb93
data/raw/jma_daily/20260924T120000Z/s47612_2022_11_daily_headers.json,1161,d631942568530d0440777e8b31247d7722405501bab95e9faeec1aac1991f8a3
data/raw/jma_daily/20260924T120000Z/s47612_2022_11_daily_request.json,109,338c84316c969a92f468f5a2e8cfb96687d05bc571e737957d1c994e3c7c7392
data/raw/jma_daily/20260924T120000Z/s47612_2022_12_daily.html,37124,61db38b40086169f4ede62da60f0df8ef9bd9780c9bae1a45c759b1b1eaad4bf
data/raw/jma_daily/20260924T120000Z/s47612_2022_12_daily_headers.json,1161,1efd11c25554fef6e91e1ed3afa7b915c10b7fadf1bd0ecf6cdb92f541b561eb
data/raw/jma_daily/20260924T120000Z/s47612_2022_12_daily_request.json,109,cae96ba81b88d7f49cc554d7437bf6d99091c7ecfc433725ac2fda991d1a09c5
data/raw/jma_daily/20260924T120000Z/s47612_2023_01_daily.html,37206,3e56df423d83b47cabe000fc63fc5c0499526436bd9aac5d3b8d094624cb814c
data/raw/jma_daily/20260924T120000Z/s47612_2023_01_daily_headers.json,1161,d1bc283308818efe9582652686a9cf1741f61f64635be389a7e66345d2ea36ec
data/raw/jma_daily/20260924T120000Z/s47612_2023_01_daily_request.json,109,3e5474a14b82b082e424d3dbeba5182c35119eca31167207fcd2df71832ec250
data/raw/jma_daily/20260924T120000Z/s47612_2023_02_daily.html,34511,65d2833b95a4fab1c253a334fcd3e4b5c05435a8d80abf7bd2fb40ee8bee9bcc
data/raw/jma_daily/20260924T120000Z/s47612_2023_02_daily_headers.json,1161,9c18385df41920fdbc0f6041b51b11c02b0a720d7fbfe3d862cf11b60f486582
data/raw/jma_daily/20260924T120000Z/s47612_2023_02_daily_request.json,109,760a30405fbad26b63037904104153a97d8cd760dcfcb3ed69436533bb97c9b0
data/raw/jma_daily/20260924T120000Z/s47612_2023_03_daily.html,37153,c7544ca6ce75a6f2b5843a86617488c436b8b243666e9e054c96306ec8f75cef
data/raw/jma_daily/20260924T120000Z/s47612_2023_03_daily_headers.json,1161,6071d797848df8185d375efdf82f95f96085c837c4b1ae7be05ee767c8150775
data/raw/jma_daily/20260924T120000Z/s47612_2023_03_daily_request.json,109,a7f854f63e0fd94e50508f259fff1c42792dfcb172978a350af91370fa7f3bff
data/raw/jma_daily/20260924T120000Z/s47612_2023_04_daily.html,36277,069d4b918cac712f40b264b18004ef1ed9b35effd620d5caf96a6b598a362217
data/raw/jma_daily/20260924T120000Z/s47612_2023_04_daily_headers.json,1161,d4590e5bffe845121c4343cdf47662ae39d2051d8dfe2836c119fa43deddc6c0
data/raw/jma_daily/20260924T120000Z/s47612_2023_04_daily_request.json,109,c4f5755cafce858040fec36bb9443b7142e38667c89e4a6f9071d94fb1925200
data/raw/jma_daily/20260924T120000Z/s47612_2023_11_daily.html,36295,204ce0a156081cf71afa20143851f12a9974d035dd6df1937708034ca250337c
data/raw/jma_daily/20260924T120000Z/s47612_2023_11_daily_headers.json,1161,a4b8177259602f7dfa1b0cf78cc7430f4f110f451ca970846d015cbe506b7d1b
data/raw/jma_daily/20260924T120000Z/s47612_2023_11_daily_request.json,109,1d0615ec5ba75d30b87164cec1b86f8e26906e0f883775d72f0dfe7ce2a394f9
data/raw/jma_daily/20260924T120000Z/s47612_2023_12_daily.html,37137,a71c6d329eb7061354a46911288c0370e923c6588ee7a451aa2e7279560d2ed5
data/raw/jma_daily/20260924T120000Z/s47612_2023_12_daily_headers.json,1161,42dd174f90c66ff75612673724a58240b47425949250138281991fa36d007337
data/raw/jma_daily/20260924T120000Z/s47612_2023_12_daily_request.json,109,bdfb41f96ee68ea56d8ef3eb6c6e9f1d318958ab609e4d7a162c616cdc4a9cf4
data/raw/jma_daily/20260924T120000Z/s47612_2024_01_daily.html,37099,9c0489664cb446b2adf9b4fcbf46cba56026eed3b96e36c9567b9150d269de25
data/raw/jma_daily/20260924T120000Z/s47612_2024_01_daily_headers.json,1161,2eb1bf3c8aab1dfaafc361c03bea04ee8ce07e4d42b516df99bec2c02692ad60
data/raw/jma_daily/20260924T120000Z/s47612_2024_01_daily_request.json,109,9ca662f2b6adadd8e8c5d20a5ce7047e1e79e5a27c5688ffcc634a30d449d8f0
data/raw/jma_daily/20260924T120000Z/s47612_2024_02_daily.html,35352,2b804d4dc61126a2e69e97a21992c1437d21c3720f8b7ab701e3c09dc3ae07ea
data/raw/jma_daily/20260924T120000Z/s47612_2024_02_daily_headers.json,1161,b41ba48262050ef215d4a770647bf851b188a5744b941fa2acad58d9dfb134e0
data/raw/jma_daily/20260924T120000Z/s47612_2024_02_daily_request.json,109,a860da63f77ecc49c0c955569054180a4589aa06c1bdd5610e8c66397625baa3
data/raw/jma_daily/20260924T120000Z/s47612_2024_03_daily.html,37194,83da1a5f2b115090a4d9988a798035d8d356914466563c95a34eaa813ac89457
data/raw/jma_daily/20260924T120000Z/s47612_2024_03_daily_headers.json,1161,a3b3df316f70dc2a8be56485f3069592381685c76c26401c3c2912db190cbc44
data/raw/jma_daily/20260924T120000Z/s47612_2024_03_daily_request.json,109,2121b9ad48b746df6fa881c2e7bedcc0a09bd2693841e728c525c8b22eac00c9
data/raw/jma_daily/20260924T120000Z/s47612_2024_04_daily.html,36270,2736c609ddc4fd06928c9bba9211719b3ed85c65a7d9071d887efb9e705e91d2
data/raw/jma_daily/20260924T120000Z/s47612_2024_04_daily_headers.json,1161,26747a4e9f954a948c4e20929c2ac58f331e015c9c0138b6634ee0cc39fb41cb
data/raw/jma_daily/20260924T120000Z/s47612_2024_04_daily_request.json,109,fb29f57bc04851ef7b75676ebe6ea556b5feb0f77c3e7401a9326edc5705be5a
references/final_revision_reference_audit.csv,15112,97c5530f5dc35cf0d1dd0d6c7123bd8ba9399b2ad9cdca0bcfd86adf1b146f7d
references/literature_database.csv,10216,f39d87d4a2546eeeb7e044ed4c2fa9d7bb8aca19dd11241ba790d014f282a471
references/parameter_sources.csv,4847,2940c6199ad1000508ad7734b73ad4edcc14bd5c2d3d1a6915f1e5a211a5a567
references/reference_audit.csv,15112,97c5530f5dc35cf0d1dd0d6c7123bd8ba9399b2ad9cdca0bcfd86adf1b146f7d
references/web_source_manifest.csv,2288,1802e4a37c2d234c833cecab52d1bd29b0715cf007f986310b19f3f91c8c3912
results/generated/baseline_aggregate.csv,1142,f1ae4983bf438a092d394bf9bcbe86368fa6f1cdfab2d84fd5756d627fa824fc
results/generated/baseline_scenarios.csv,2289,f87c72318f99e045db585286fb9610f8e636ca2a0c21bcdd173547c72a21bc4c
results/generated/convergence.csv,3620,32454d9fb5f7b115b78bc6d93a5c77d03440d9b43684dd8c25ff79f91eaae130
results/generated/final_revision_constraint_enforcement.csv,206,7b12a93812a62a8ae700685c8a3048f17f927cd14c4a86c723205a954fc0d8ba
results/generated/final_revision_constructability_by_objective.csv,1778,17be684dfbd7eb4c7fe33809fd70cfe68f12a53e9c441111c18c496a62a8ce45
results/generated/final_revision_discretization_loss.csv,348,52a987ee3d8693c4c1bbebca8a95cef42d8d1dac6b11c657dfd9b2fe577ca367
results/generated/final_revision_frontier_metric_sensitivity.csv,689,ec8e3042b0fa614fa190277a689ae6ce2aaceef5b08e88fce6c2a80a7bfed43d
results/generated/final_revision_frontier_summary.csv,469,8a292b80f90b209921e54f3a9491a9e3eced03645bed6339b5f35ffd71e76122
results/generated/final_revision_frontier_unique_objectives.csv,796,5a29a5a8255cbb65d83f48ac55536f08ac62ac65f218ebc617251ffda30b20f0
results/generated/final_revision_jma_paired_summary.csv,329,618d7f2379e02a5686481b11d4f699c5df48f45807f1c4ae7870a137dbdb4313
results/generated/final_revision_jma_paired_tradeoffs.csv,2502,97a64e0b785fcb349fcf58e31c1fa5d7334e484cf3a25fae824fb0fb6b6a6590
results/generated/final_revision_joint_unique_regions.csv,273,b22ff06b9b60c2ecd685bb38dc2f53dcf340c5e97270f109f70189a169a59b3d
results/generated/final_revision_knee_audit.csv,592,1845af7f0ed4e9e6f823b77f6547f06ba3b02fdd72724b092b1484a45f34fe1a
results/generated/final_revision_matched_tradeoffs.csv,7796,9c66cd713fee8463f2fc32e93df552dac34184940be234a7f9fe069d2ed74b1c
results/generated/final_revision_objective_equivalent_robustness.csv,565,4adf30b0098ef0b3f263205dad1cc1e4c4296ff48bea475276ccc8432d810e64
results/generated/final_revision_per_seed_frontier_audit.csv,438,334a3e9a2d1f8c5a580c63c18df62b09d5995c7f2325b6a0cac8982163172ac0
results/generated/final_revision_prespecified_constraints.csv,396,60b4ed5ddffb0cbfea8abee01de667582a516d4117cba68eec7e7eb56fcb4cee
results/generated/final_revision_robust_selection_ties.csv,1884,3ffdb97049dad7540e771b38e758b2d3cefbac4332f08f29d83963f775406d99
results/generated/final_revision_robustness_candidate_audit.csv,5986,ae0e5b39399176b956135e75d46effe5efa5f89fe9b2f5ac5754b502e31f2eb6
results/generated/final_revision_selected_design_timestep_audit.csv,3929,a97c366957a7fc49853c04d97a1af7187d96584e5ce37d942892ba686b481f80
results/generated/geometry_pareto.csv,126702,da452e7cad207848c547157716279f29e7f7becee849d579695c258aeab04d43
results/generated/geometry_seed_1701_history.csv,280164,49ae6261f51bb8e9e35d9a64dd6a75f89320781d712ea1f63854bf8df6bba4d2
results/generated/geometry_seed_1701_pareto.csv,13615,283784e3146e2df24c119100dee0d0827433e32ec935104e957c8cc454e9df70
results/generated/geometry_seed_2903_history.csv,280380,2f090487ac0ed21d0716a71bcdc591ee3a06fd24e824f05c354928a2aacbe7f7
results/generated/geometry_seed_2903_pareto.csv,7472,602c85ac7aaeafaa4700a2344396a8aa0907364c05c7c9a57954331c98f4cdc1
results/generated/geometry_seed_4517_history.csv,280244,d3111e73ab1b6adf26000a95d231e83621fa8a1291d9483a8e6f8340da2fc176
results/generated/geometry_seed_4517_pareto.csv,32822,c6335f394026da5ffeb40a0c3860d858e19cb08e266b428929bca80ea3c953b9
results/generated/jma_daily_evaluation.csv,7330,ef86050ba985601bd62274ab407205b60f6980844dfe7eaac0840e1490360f91
results/generated/joint_pareto.csv,1066454,9c911b80a47876f9e08a8fb1714c2e93fa0d356af6066b4622370ceb4f97771f
results/generated/joint_seed_1701_history.csv,608189,7deea4e6ca8e3ea3463a3d35c3e9058a75cdbddbd19dec740641e7b2afe415f8
results/generated/joint_seed_1701_pareto.csv,170877,fa3502c9fcb7c58714537f27dcb4e4fa8914aa530151aeb5c56fe00febd67e90
results/generated/joint_seed_2903_history.csv,606243,ebe63a153207d13deac8d4ed6766c332fd735f10d5fe0d99a1bdceba586e2fec
results/generated/joint_seed_2903_pareto.csv,185664,2ce81bb28bc0237964febc4244fba7dabcafd3b6b16c9eae2753895f1bc90ff2
results/generated/joint_seed_4517_history.csv,608167,46b5ea36427d0d2f41a17f2a88a5a5a2c8aa5e2937d8b9cacdbfd2a0fcb3456e
results/generated/joint_seed_4517_pareto.csv,184386,c32a3202e25ac423810c8e060a31448733f6d2e8b4d90ae75e3b075f6b3be11a
results/generated/optimizer_stochasticity.csv,809,7db509763453fd2a47260b328e810c5c075bcd84daf863e7a4d27affe0a5dbba
results/generated/robustness.csv,2415888,fe3cda2379c2b657c9c126fc8cc7700799e5e7ecb2ac1888d28a2b2b29b1f0bf
results/generated/robustness_summary.csv,5885,5eced1a7623295aeba7fdba6ae61d8e5926ab412119a1591e63107d440c0978a
results/generated/sensitivity.csv,11285,922a88eaa20b5481da9c2cf6191ba4e2e9a8104ee87235638c04e77aa8c527c6
results/generated/surface_pareto.csv,782244,1099577bc6ee03f2770737bf9463f34e6e8dcd8f836b6ae5cd2d58934ecac3d6
results/generated/surface_seed_1701_history.csv,419350,d9c580389ce61b11cd4e94eab1e0a7f1127a6e9dae736e46c7e76f9f3683ca3e
results/generated/surface_seed_1701_pareto.csv,141640,a6bd2717938ae381918bed7ccde76be571def3739dc595e4ddc06848abeb2ae5
results/generated/surface_seed_2903_history.csv,411519,0def34d182ab17f95da21f231d5d18d67f18e2f27242948b8c50cc903b485874
results/generated/surface_seed_2903_pareto.csv,83819,dcfe0258e8b1d99689eb0a1b21c16a27ad2ed9933fa775aa49f5aadb9e9031ab
results/generated/surface_seed_4517_history.csv,413757,e365a065e1888059302ef966208229d552ba073ddd8d1b1886aa20028b3e590c
results/generated/surface_seed_4517_pareto.csv,109458,9f6fb93f710591849cec98a4ad5e5adf4167938bd257cf4829bd055c8afba835
results/generated/uniform_design_space.csv,1886339,c67545abc4ad6b84f7efbe62a96caddca9b3c7fdbe5ff2489e737bcfde2ce224
results/generated/uniform_pareto.csv,741499,a282d54672919dd96170ab0a9a7435fc26939aa305dd8e36f108ac7a5f552ddc
tables/generated/supplement_optimizer_stochasticity.csv,796,6b09223004b0ab810ccfe2420775eef0e2e84a983f2c9f03f9bef6a8aa5e42c0
tables/generated/table_1_pareto_summary.csv,688,c87c8a817d7169a7db16f56a96cbc3d6b36de777f3e5fc27e4ca7f37fcb6c2b1
tables/generated/table_2_selected_profile.csv,2302,91d127264fb029120985aef5d448e3efa63c936484951985b3d9a22b395fc74d
tables/generated/table_3_discretization.csv,1393,c75a015ad21a2b848084e4b4e47b998516720c3d3a979a83e47f8a768ae7b98d
tables/generated/table_4_strategy_phase_diagram.csv,8688,7de36288db81eb9d5c2e4f68f7c7f5f6de1a75a819ccdc391073c249d51986cb
tables/generated/table_5_labor_scarcity.csv,532,803718efe92640c44fb710cfdc2e94264a64db8f89431056eef6b7ba216cb582
tables/generated/table_6_complexity_analysis.csv,737181,6dcb5e413ee75bd1e2797b50835309fc9c5186d12c62ed2d37384198bb326d16
tables/generated/table_7_complexity_penalty.csv,681,f51284a09735bb1eff47669adbdc6da66c4e01ee22e38878f09b9a0b26d6c079
tables/generated/table_8_robustness_summary.csv,5986,ae0e5b39399176b956135e75d46effe5efa5f89fe9b2f5ac5754b502e31f2eb6
tables/generated/table_9_jma_daily_evaluation.csv,2456,ac86877ba1c577ea5bdae5567c09c4d2db15fb50a4ecc40f41f2947bdfcb201b
