generation,l_max_kg_per_m,s_max_kg_per_m,constraint,x_00,x_01,x_02,x_03,x_04,x_05,x_06,x_07,x_08,x_09,x_10,x_11
25,39.99950000321371,39.99950000321371,-9.992211525385656,42.9538389563812,27.56079398433793,40.17616192043183,29.631860261476035,0.2953751822494819,0.092148373936726,0.5517134295539298,0.2231509642027493,19.932951497650777,5.717557517379503,12.655876336768657,115.07124812777316
27,39.99950000321371,39.99950000321371,-10.553320028860334,42.9538389563812,31.862625844310426,40.17616192043183,29.631860261476035,0.2953751644149199,0.092148373936726,0.5517928686032125,0.2230981541707624,19.932951497650777,5.717557517379503,15.735832271302243,58.35953998036751
27,39.99950000321371,39.99950000321371,-9.992211525385656,42.9538389563812,27.56079398433793,40.17616192043183,29.631860261476035,0.2953751822494819,0.092148373936726,0.5517134295539298,0.239920066833582,19.932951497650777,5.717557517379503,12.655876336768657,115.07124812777316
28,39.99950000321371,39.99950000321371,-10.553320028860334,42.9538389563812,31.862625844310426,39.40677414467756,29.631860261476035,0.3041772184248487,0.092148373936726,0.5517928686032125,0.2230981541707624,19.932951497650777,5.717557517379503,15.735832271302243,58.35953998036751
30,39.99950000321371,39.99950000321371,-9.992211525385656,42.9538389563812,27.56079398433793,40.17616192043183,29.631860261476035,0.2958080572679507,0.092148373936726,0.5517134295539298,0.2231509642027493,19.932951497650777,5.717557517379503,8.621248988431883,115.07124812777316
31,39.99950000321371,39.99950000321371,-9.993851484386546,42.94126593737439,27.56079398433793,40.17616192043183,30.686483723613016,0.2958080572679507,0.092148373936726,0.5517134295539298,0.2231509642027493,19.932951497650777,6.069895870643132,8.621248988431883,115.23444930517806
33,39.99950000321371,39.99950000321371,-9.993851484386546,42.94126593737439,27.56079398433793,40.17616192043183,30.686483723613016,0.2958080572679507,0.092148373936726,0.5517134295539298,0.2231509642027493,19.652800641582274,6.069895870643132,8.621248988431883,115.23444930517806
34,39.99950000321371,39.99950000321371,-9.99325788081564,42.94581689808467,27.56079398433793,40.17616192043183,30.686483723613016,0.2958080572679507,0.094822955090503,0.5522340917318525,0.2231509642027493,17.734751580589307,6.269234685894139,8.463784223226625,115.23444930517806
34,39.99950000321371,39.99950000321371,-9.993851484386546,42.94126593737439,27.56079398433793,40.326461539115016,30.686483723613016,0.2958080572679507,0.092148373936726,0.5517134295539298,0.2231509642027493,19.932951497650777,6.069895870643132,8.621248988431883,115.23444930517806
36,39.99950000321371,39.99950000321371,-9.99034005648005,42.96818688465751,27.56079398433793,40.326461539115016,30.686483723613016,0.2958080572679507,0.092148373936726,0.5521203141664113,0.2231509642027493,13.63448889001078,6.069895870643132,8.621248988431883,114.55544367983124
41,39.99950000321371,39.99950000321371,-9.99034005648005,42.96818688465751,27.56079398433793,39.13276726712152,30.686483723613016,0.2604253504758254,0.0941598133451109,0.5517017741702521,0.2227091959832886,13.63448889001078,6.139583545215482,36.43081480172835,113.4007519200628
43,39.99950000321371,39.99950000321371,-9.99034005648005,42.96818688465751,27.56079398433793,39.152149458537366,30.686483723613016,0.2956055896476575,0.092148373936726,0.5521203141664113,0.2231509642027493,13.63448889001078,6.067057462152501,36.25128245489241,113.34090429955968
44,39.99950000321371,39.99950000321371,-9.99034005648005,42.96818688465751,27.56079398433793,39.03002701896367,30.686483723613016,0.2956055896476575,0.092148373936726,0.5521203141664113,0.2231509642027493,13.63448889001078,6.069851483502788,32.904890927871925,114.523266493763
46,39.99950000321371,39.99950000321371,-9.99034005648005,42.96818688465751,27.56079398433793,39.03002701896367,30.686483723613016,0.2956055896476575,0.092148373936726,0.5521203141664113,0.2231509642027493,16.33219471013141,6.069851483502788,32.904890927871925,114.523266493763
19,6416.968067419712,0.0,-8.651010881499221,42.73289044277493,31.979019255802605,6.303436013963332,8.817679557803604,0.2606952439793955,0.3972239038134556,0.5273485601438814,0.3203532491568766,29.59616365305592,38.15884149346259,36.37358894717341,192.34633838924677
21,6416.968067419712,0.0,-8.985373663049291,23.9619562319371,34.2386190719986,11.126483822043204,9.089435920464512,0.5302389984261173,0.0905192777399042,0.5070701160320058,0.4828229439509477,8.395699448592225,42.26911745094676,51.02154516875567,231.6442788907628
21,6416.968067419712,0.0,-8.651010881499221,42.73289044277493,31.979019255802605,6.303436013963332,11.73634925918942,0.2606952439793955,0.3972239038134556,0.5273485601438814,0.3203532491568766,29.59616365305592,38.15884149346259,36.37358894717341,192.34633838924677
22,6416.968067419712,0.0,-8.64016563196315,42.73289044277493,31.979019255802605,6.22028910085346,8.817679557803604,0.2606952439793955,0.3972239038134556,0.5273485601438814,0.3203532491568766,29.59616365305592,38.15884149346259,36.37358894717341,192.34633838924677
22,6416.968067419712,0.0,-8.645135680982605,43.01490644459221,32.03643788200369,6.315811436203701,6.518598210875415,0.294919025066603,0.4079723160540452,0.4945690956440834,0.259720928225846,35.46841006660267,38.15884149346259,8.225320391345496,58.41456092553955
23,6416.968067419712,0.0,-8.651010881499221,42.73289044277493,31.979019255802605,6.303436013963332,8.817679557803604,0.2606952439793955,0.3971942167473066,0.5273485295783564,0.3203532491568766,29.59616365305592,38.15884149346259,36.37358894717341,187.02333081609933
23,6416.968067419712,0.0,-8.645135680982605,43.01490644459221,32.03643788200369,6.315811436203701,5.533758896840201,0.2953727164189721,0.4079723160540452,0.4960700699743213,0.259720928225846,35.46841006660267,37.14377010892908,12.22413001181743,58.46561846858859
24,6416.968067419712,0.0,-8.651050603245242,42.73289044277493,31.979019255802605,6.303740547349524,8.817679557803604,0.2606952439793955,0.3972239038134556,0.5273485601438814,0.3203532491568766,29.59616365305592,38.15884149346259,36.37358894717341,183.7601043712865
24,6416.968067419712,0.0,-8.651010881499221,42.73289044277493,31.979019255802605,6.303436013963332,8.817679557803604,0.2607199957912223,0.3972239038134556,0.527352091549603,0.318963587449025,29.59616365305592,38.15884149346259,36.37358894717341,188.1796264182646
24,6416.968067419712,0.0,-8.656441091876086,43.01490644459221,31.94976052427047,6.315808895320512,6.518598210875415,0.294919025066603,0.4079723160540452,0.4949458615272317,0.2949878778625914,35.46841006660267,38.15884149346259,8.225320391345496,39.47762045551222
24,6416.968067419712,0.0,-8.640125910217122,42.73289044277493,31.979019255802605,6.219984567467267,11.73634925918942,0.2606952439793955,0.3972239038134556,0.5273485601438814,0.3203532491568766,29.59616365305592,38.15884149346259,36.37358894717341,192.34633838924677
25,6416.968067419712,0.0,-8.651050603245242,42.73289044277493,31.979019255802605,6.303740547349524,8.817679557803604,0.2606950991545694,0.3972239038134556,0.5273485601438814,0.3169715604509104,29.59616365305592,38.15884149346259,36.37358894717341,183.7601043712865
25,6416.968067419712,0.0,-8.675348140011746,42.73289044277493,31.979019255802605,6.490021662559385,8.817679557803604,0.2606952439793955,0.3972239038134556,0.5273485601438814,0.3203532491568766,29.59616365305592,38.15884149346259,36.37358894717341,192.34633838924677
26,6416.968067419712,0.0,-8.651010881499221,42.73289044277493,31.979019255802605,6.303436013963332,8.80598579965602,0.2606952439793955,0.3978235409303255,0.5273485295783564,0.3168395204469326,29.59616365305592,38.15884149346259,37.95738380631122,183.39702843815
26,6416.968067419712,0.0,-8.654069387711004,42.735486845654,31.967946130419275,6.315811436203701,9.087137074502412,0.2607211490589582,0.4079723160540452,0.5273470387552651,0.4016707540739325,29.59616365305592,30.774483260193094,37.850147666044094,51.18866328536984
26,6416.968067419712,0.0,-8.639969243151906,42.73289044277493,31.979019255802605,6.218783453300589,11.656485087406448,0.2606952439793955,0.3972239038134556,0.5273485601438814,0.3203532491568766,29.59616365305592,38.15884149346259,36.37358894717341,192.34633838924677
26,6416.968067419712,0.0,-8.651050603245242,42.73289044277493,31.979019255802605,6.303740547349524,8.817679557803604,0.2606950991545694,0.3972239038134556,0.5273485601438814,0.3190341839186816,29.59616365305592,38.16253508383914,36.37358894717341,183.7601043712865
26,6416.968067419712,0.0,-8.651783732489541,42.73289044277493,31.979019255802605,6.3093612048891385,8.817679557803604,0.2606952439793955,0.3972239038134556,0.5273479016823792,0.3207701903820624,29.59616365305592,38.15884149346259,36.37358894717341,55.30985680996254
26,6416.968067419712,0.0,-8.651207270310465,42.73289044277493,31.979019255802605,6.304941661516202,8.897543729586614,0.2606952439793955,0.3972239038134556,0.5273485601438814,0.3203532491568766,29.59616365305592,38.15884149346259,36.37358894717341,192.34633838924677
26,6416.968067419712,0.0,-8.712961930771218,19.912734517908163,31.50367019461981,6.303044997199185,9.012674082216208,0.2740555791113125,0.3271698720097376,0.5273874118779638,0.2946576705994951,16.962485548467782,5.792234026509863,36.30725064815712,57.50065796187472
26,6416.968067419712,0.0,-8.651010881499221,42.73289044277493,31.979019255802605,6.303436013963332,8.817679557803604,0.2607195462701583,0.3972239038134556,0.527352151138337,0.3204162380928194,29.59616365305592,38.15884149346259,36.37358894717341,192.50061211535217
27,6416.968067419712,0.0,-8.650765885773747,42.73289044277493,31.979019255802605,6.301557713401377,8.80598579965602,0.2606952439793955,0.3978235409303255,0.5273485588484381,0.3202826793705843,29.59616365305592,37.947248488303984,37.95738380631122,183.39702843815
27,6416.968067419712,0.0,-8.65264225679903,42.73289044277493,31.979019255802605,6.3159432245952045,9.0878076663869,0.2607195620495468,0.3974212847019712,0.527352151138337,0.3146663492738282,29.59616365305592,38.15884149346259,36.4403830663746,198.7484602515628
27,6416.968067419712,0.0,-8.640125910217122,42.73289044277493,31.979019255802605,6.219984567467267,11.73634925918942,0.2606952439793955,0.3972239038134556,0.5273485601438814,0.3203532491568766,29.59616365305592,38.15884149346259,33.13305676829648,192.34633838924677
27,6416.968067419712,0.0,-8.654831577275711,42.73289044277493,31.949727254849492,6.303436013963332,8.817679557803604,0.2607211553624804,0.3972239038134556,0.5273521144855657,0.3204130544039911,29.59616365305592,38.15884149346259,36.37358894717341,192.3600078229624
27,6416.968067419712,0.0,-8.65272184770139,42.73300029013856,31.979019255802605,6.31655342151332,8.817679557803604,0.2606952439793955,0.3972239038134556,0.5273485601438814,0.3203532491568766,29.59616365305592,38.15884149346259,37.816635173871546,53.95926903332264
27,6416.968067419712,0.0,-8.651212612763398,42.73289044277493,31.979019255802605,6.304982620322064,8.813467562664604,0.2606952379834978,0.3972239038134556,0.5273485601438814,0.3190341839186816,29.59616365305592,38.15876741254889,36.37358894717341,183.7601043712865
27,6416.968067419712,0.0,-8.6512938308746,42.73289044277493,31.979019255802605,6.305605292507924,8.817679557803604,0.2606952439793955,0.3972239038134556,0.5273485601438814,0.3203532491568766,29.59616365305592,38.15884149346259,36.37358894717341,192.34633838924677
27,6416.968067419712,0.0,-8.651783732489541,42.73289044277493,31.979019255802605,6.3093612048891385,8.817679557803604,0.2606952439793955,0.3972239038134556,0.5273479016823792,0.3207701903820624,29.59616365305592,38.15884149346259,36.37358894717341,62.30187261522661
28,6416.968067419712,0.0,-8.651783732489541,42.73289044277493,31.979019255802605,6.3093612048891385,8.805762472267508,0.2606952439793955,0.3971530601648965,0.5273479016823792,0.3207775517900361,29.59616365305592,38.15884149346259,36.37358894717341,62.30187261522661
28,6416.968067419712,0.0,-8.651017153579346,42.73289044277493,31.979019255802605,6.303484099910971,8.817679557803604,0.2606952439793955,0.3974266274328378,0.5273485295783564,0.3144753235281288,29.59616365305592,38.15884149346259,36.37358894717341,198.84817733094397
28,6416.968067419712,0.0,-8.640125910217122,42.73289044277493,31.979019255802605,6.219984567467267,11.73634925918942,0.2606952439793955,0.3972239038134556,0.527347907699114,0.3203532491568766,29.59616365305592,38.15884149346259,36.37358894717341,48.72090117312239
28,6416.968067419712,0.0,-8.65264225679903,42.73289044277493,31.979019255802605,6.3159432245952045,9.0878076663869,0.2606962303620992,0.3974454133346302,0.5273485232283508,0.3141539247671457,29.59616365305592,38.15884149346259,36.4403830663746,198.29712689462835
28,6416.968067419712,0.0,-8.651010881499221,42.73289044277493,31.979019255802605,6.303436013963332,8.817679557803604,0.2606934481355475,0.3978318286308801,0.527352091549603,0.3202120569038746,29.59616365305592,38.15884149346259,36.331178740391394,188.1796264182646
28,6416.968067419712,0.0,-8.651010881499221,42.73289044277493,31.979019255802605,6.303436013963332,8.817902885192114,0.2606952439793955,0.3978943845788846,0.5273485295783564,0.3168321590389589,29.59616365305592,38.15884149346259,37.95738380631122,183.39702843815
28,6416.968067419712,0.0,-8.651050937855363,42.73289044277493,31.979019255802605,6.303743112693782,8.900315111977553,0.2606952439793955,0.3972239038134556,0.5273485601438814,0.3203532491568766,29.59616365305592,38.15884149346259,36.37358894717341,181.51816375035824
28,6416.968067419712,0.0,-8.652900523539333,42.73289044277493,31.979019255802605,6.317923269604206,8.79903713119629,0.2606952439793955,0.3978235409303255,0.5265208190207666,0.3202826793705843,29.59616365305592,38.15815905242885,36.30723800370863,192.2477971268191
28,6416.968067419712,0.0,-8.651010881499221,42.73289044277493,31.979019255802605,6.303436013963332,11.512806216632924,0.2607195462701583,0.3972239038134556,0.5273518876150476,0.320416955709173,29.59616365305592,38.15884149346259,36.37358894717341,192.34611968515503
28,6416.968067419712,0.0,-8.651783732489541,42.73289044277493,31.979019255802605,6.3093612048891385,8.817679557803604,0.2606952439793955,0.3972239038134556,0.527348627835168,0.3208416863287264,29.59616365305592,38.15884149346259,36.37358894717341,182.5621277113717
28,6416.968067419712,0.0,-8.651010881499221,42.73289044277493,31.979019255802605,6.303436013963332,8.817908310116247,0.2606952439793955,0.3978235409303255,0.5273479553609843,0.3168669467002323,29.59616365305592,38.15884149346259,37.95738380631122,183.39702843815
28,6416.968067419712,0.0,-8.640125910217122,42.73289044277493,31.979019255802605,6.219984567467267,11.73634925918942,0.2606952439793955,0.3972239038134556,0.5273485601438814,0.3203532491568766,29.59616365305592,38.15884149346259,36.37358894717341,190.92571211584556
28,6416.968067419712,0.0,-8.650765885773747,42.73289044277493,31.979019255802605,6.301557713401377,8.80598579965602,0.2607217916350702,0.397215616112901,0.5273485588484381,0.3190342099157347,29.59616365305592,37.947248488303984,37.99979401309324,183.39702843815
28,6416.968067419712,0.0,-8.651010881499221,42.73289044277493,31.979019255802605,6.303436013963332,9.041222600360134,0.2606952439793955,0.3972239038134556,0.5273488236671708,0.320352531540523,29.59616365305592,38.15884149346259,36.37358894717341,192.50083081944388
28,6416.968067419712,0.0,-8.651010881499221,42.73289044277493,31.979019255802605,6.303436013963332,8.817679557803604,0.2607185756668431,0.3971997751807966,0.5273521880538676,0.320865673663559,29.59616365305592,38.15884149346259,36.37358894717341,192.7976717461812
28,6416.968067419712,0.0,-8.651206935700344,42.73289044277493,31.979019255802605,6.304939096171944,8.814908175412663,0.2606950991545694,0.3972239038134556,0.5273485601438814,0.3169715604509104,29.59616365305592,38.15884149346259,36.37358894717341,183.7601043712865
29,6416.968067419712,0.0,-8.648882067401857,42.73289044277493,31.979019255802605,6.287115105883554,8.817679557803604,0.2606950973300929,0.3972239038134556,0.5273485601438814,0.3203532491568766,29.59616365305592,38.15884149346259,36.37358894717341,191.6641291804419
29,6416.968067419712,0.0,-8.651010881499221,42.73289044277493,31.979019255802605,6.303436013963332,8.814730462892994,0.2606952372171499,0.3978235409303255,0.5273479553609843,0.3168669467002323,29.59616365305592,38.15884149346259,36.32943305273222,183.3775878854636
29,6416.968067419712,0.0,-8.652900523539333,42.73289044277493,31.979019255802605,6.317923269604206,8.806031463549418,0.2606952439793955,0.3978235409303255,0.5265208190207666,0.316865849391549,29.59616365305592,38.15806413783899,36.36377059165551,183.37013287776185
29,6416.968067419712,0.0,-8.651206935700344,42.73289044277493,31.979019255802605,6.304939096171944,8.818086022635915,0.2606951059168149,0.3972239038134556,0.5273485601438814,0.3169715604509104,29.59616365305592,38.15884149346259,38.00153970075241,183.77954492397285
29,6416.968067419712,0.0,-8.65505332804706,42.73289044277493,31.95024160599264,6.305650454353495,8.817679557803604,0.2607213481089212,0.3972239038134556,0.5273485601438814,0.3203532491568766,29.59616365305592,38.15884149346259,36.37358894717341,192.34633838924677
29,6416.968067419712,0.0,-8.650765885773747,42.73289044277493,31.979019255802605,6.301557713401377,8.80598579965602,0.2606952439793955,0.3972073037532188,0.5273485588484381,0.3202836608284171,29.59616365305592,37.95209596565951,33.03964879940169,182.91020436328924
29,6416.968067419712,0.0,-8.651050603245242,42.73289044277493,31.979019255802605,6.303740547349524,9.048388444847294,0.2606950991545694,0.3972239038134556,0.5273488248686434,0.3190341839186816,29.59616365305592,38.15881897663674,36.37358894717341,182.46321067103744
29,6416.968067419712,0.0,-8.677516675855134,42.73289044277493,31.979019255802605,6.506647104025355,8.89017184085913,0.2606952458038719,0.3972239038134556,0.5273485601438814,0.3169715604509104,29.59616365305592,38.15884149346259,36.37358894717341,184.4423135800913
29,6416.968067419712,0.0,-8.651777252400326,42.735486845654,31.97909129400621,6.309383562408763,8.801241115194436,0.2607211490589582,0.4079723160540452,0.5273470387552651,0.4016707540739325,29.59616365305592,30.774483260193094,37.850147666044094,51.18866328536984
29,6416.968067419712,0.0,-8.651051842794736,42.73289044277493,31.979019255802605,6.3037500505622805,8.817679557803604,0.2606951049643233,0.3972239038134556,0.5273485601438814,0.3202788747085086,29.59616365305592,38.15884149346259,36.37358894717341,183.51432812948187
30,6416.968067419712,0.0,-8.651314657534027,42.73289044277493,31.97669030620239,6.303436013963332,8.817679557803604,0.2607211553624804,0.3972239038134556,0.5273521144855657,0.3204130544039911,29.59616365305592,38.15884149346259,36.37358894717341,50.55630317599038
30,6416.968067419712,0.0,-8.650765885773747,42.73289044277493,31.979019255802605,6.301557713401377,8.895942635122317,0.2607217916350702,0.397215616112901,0.5273485588484381,0.317141653385569,29.59616365305592,37.947248488303984,37.99979401309324,183.40939609941364
30,6416.968067419712,0.0,-8.651764320193056,42.73289044277493,31.979019255802605,6.309212377282755,9.0587417499516,0.2583826398018947,0.3972239038134556,0.5273479016823792,0.3207701903820624,29.59616365305592,38.15884149346259,36.37358894717341,56.09242303695712
30,6416.968067419712,0.0,-8.651783732489541,42.73289044277493,31.979019255802605,6.3093612048891385,8.805762472267508,0.2606952439793955,0.3974147389982963,0.5273484965629703,0.3133197937911873,15.10494849912391,38.15884149346259,36.37358894717341,63.98109661313901
30,6416.968067419712,0.0,-8.651783732489541,42.73289044277493,31.979019255802605,6.3093612048891385,8.805760291530808,0.2606952439793955,0.3972085705505905,0.5273479016823792,0.3208064732479158,29.59616365305592,38.17100341814305,36.37358894717341,62.30187261522661
30,6416.968067419712,0.0,-8.677516675855134,42.73289044277493,31.979019255802605,6.506647104025355,8.800215005392833,0.2606952458038719,0.3972239038134556,0.5273485601438814,0.318864116981076,29.59616365305592,38.15884149346259,36.37358894717341,184.42994591882763
30,6416.968067419712,0.0,-8.651017153579346,42.73289044277493,31.979019255802605,6.303484099910971,8.817679557803604,0.2606952439793955,0.397164948599438,0.5239086489924689,0.3144753235281288,29.59616365305592,38.15884149346259,36.37358894717341,205.5009800968052
30,6416.968067419712,0.0,-8.649063521520642,42.73289044277493,31.979019255802605,6.288506254127576,8.817679557803604,0.2607196353971917,0.3972239038134556,0.527352151138337,0.3204189153342668,29.59616365305592,38.15884149346259,36.37358894717341,191.62269948232776
30,6416.968067419712,0.0,-8.675348140011746,42.73289044277493,31.979019255802605,6.490021662559385,8.815432501296305,0.2606952439793955,0.3972239038134556,0.5273485601438814,0.3203532491568766,29.59616365305592,38.15884149346259,36.37358894717341,192.34633838924677
30,6416.968067419712,0.0,-8.644070628838808,42.73289044277493,31.979019255802605,6.25022741023352,9.0878076663869,0.262789163883463,0.3974212847019712,0.527352151138337,0.3146663492738282,29.59616365305592,38.15884149346259,36.4403830663746,198.7484602515628
30,6416.968067419712,0.0,-8.651010881499221,42.73289044277493,31.979019255802605,6.303436013963332,11.731284946093364,0.2606952439793955,0.3978943845788846,0.5273485598520791,0.3204758070825958,29.59616365305592,38.15884149346259,37.9739191705513,183.41199896851737
30,6416.968067419712,0.0,-8.651010881499221,42.73289044277493,31.979019255802605,6.303436013963332,9.059499741998357,0.2606952439793955,0.3972239038134556,0.5273488236671708,0.320352531540523,29.59616365305592,38.15884149346259,36.37358894717341,192.4994345512613
30,6416.968067419712,0.0,-8.651050937855363,42.73289044277493,31.979019255802605,6.303743112693782,8.900315111977553,0.2606952439793955,0.3972239038134556,0.5273485601438814,0.2908055118747303,29.59616365305592,38.15884149346259,36.37358894717341,181.51816375035824
31,6416.968067419712,0.0,-8.675348140011746,42.73289044277493,31.979019255802605,6.490021662559385,8.899405122699543,0.2606952439793955,0.3972239038134556,0.5273485601438814,0.3203532491568766,29.59616365305592,38.15884149346259,36.37358894717341,192.34633838924677
31,6416.968067419712,0.0,-8.651010881499221,42.73289044277493,31.979019255802605,6.303436013963332,8.814730462892994,0.2606952372171499,0.3972169038604429,0.527348582045026,0.3202711914304803,29.59616365305592,38.15884149346259,36.32966455702548,183.3775878854636
31,6416.968067419712,0.0,-8.651734630661302,42.73289044277493,31.979019255802605,6.308984757539316,8.805145661259338,0.2606952439793955,0.3971534315755484,0.5273479014301337,0.3207775517900361,29.59616365305592,38.15884149346259,36.37358894717341,62.30187261522661
31,6416.968067419712,0.0,-8.651009540753936,42.73289044277493,31.979029534849783,6.303436013963332,8.818573541891327,0.2607211553624804,0.3972105729314437,0.5273524054141292,0.3208777889457752,29.59616365305592,38.15884149346259,36.37358894717341,50.55630317599038
31,6416.968067419712,0.0,-8.650405349501142,42.73289044277493,31.979019255802605,6.298793601978077,11.73634925918942,0.2606952875834288,0.3972391793240413,0.5273519563392489,0.3203532491568766,29.59616365305592,38.15884149346259,33.13305676829648,192.34633838924677
31,6416.968067419712,0.0,-8.675840714387093,42.73289044277493,31.979019255802605,6.493798066103698,8.815432501296305,0.2606952439793955,0.3972239038134556,0.5273485601438814,0.3203532491568766,29.59616365305592,38.15884149346259,36.37358894717341,189.26523985281972
31,6416.968067419712,0.0,-8.651050603245242,42.73289044277493,31.979019255802605,6.303740547349524,8.817679557803604,0.2606952399519724,0.3972239038134556,0.5273485601365965,0.3190015926163325,29.59616365305592,38.16253508383914,36.37358894717341,183.7404114459732
31,6416.968067419712,0.0,-8.651050603245242,42.73289044277493,31.979019255802605,6.303740547349524,8.817679557803604,0.2606952453140047,0.3972239038134556,0.5273485601438814,0.320354199688088,29.59616365305592,38.15884149346259,36.37358894717341,183.7795151619393
31,6416.968067419712,0.0,-8.651290963490382,42.73289044277493,31.976791130440503,6.303355183866799,8.90022277245308,0.2607211553624804,0.3972239038134556,0.5273484491875197,0.3204130544039911,29.59616365305592,38.15884149346259,36.37358894717341,50.55630317599038
31,6416.968067419712,0.0,-8.65505332804706,42.74546346178173,31.95024160599264,6.305650454353495,7.763999426153097,0.2607213481089212,0.3972239038134556,0.5273485601438814,0.3203532491568766,29.59616365305592,37.81046752028466,36.37358894717341,192.1831366691626
31,6416.968067419712,0.0,-8.624756766674636,42.73132819187018,31.979019255802605,6.102154466974877,11.377963039779758,0.2606952439793955,0.3972239038134556,0.5273485601438814,0.3167027348832122,28.98400725316789,4.359648128318696,14.098085930509042,186.1976660717118
31,6416.968067419712,0.0,-8.651206935700344,42.73289044277493,31.979019255802605,6.304939096171944,8.818086022635915,0.2606951045822058,0.3972239038134556,0.5273485601438814,0.316970609919699,29.59616365305592,38.15884149346259,38.00153970075241,183.7601341333201
32,6416.968067419712,0.0,-8.651010881499221,42.73289044277493,31.979019255802605,6.303436013963332,8.817679557803604,0.2606948756745424,0.3972238401881377,0.527352151138337,0.3204162380928194,29.59616365305592,38.15884149346259,36.32779040892542,183.2697382967397
32,6416.968067419712,0.0,-8.651050937855363,42.73289044277493,31.979019255802605,6.303743112693782,8.813374512879939,0.2606952439793955,0.3972239038134556,0.5273485601438814,0.3203532491568766,29.59616365305592,38.15884149346259,36.37358894717341,192.81728331095283
32,6416.968067419712,0.0,-8.65099624573914,42.73289044277493,31.979019255802605,6.303323806469387,11.495387698972223,0.2606952439793955,0.3978967514410057,0.5273485897052876,0.3136734533714827,29.59616365305592,38.15884149346259,37.99240458223597,182.9334873734157
32,6416.968067419712,0.0,-8.644070628838808,42.73289044277493,31.979019255802605,6.25022741023352,9.0878076663869,0.2606624745547468,0.3974239639574953,0.527352151138337,0.3146663492738282,29.59616365305592,38.15884149346259,36.37522560599103,198.9984426268827
32,6416.968067419712,0.0,-8.651783732489541,42.73289044277493,31.979019255802605,6.3093612048891385,8.817679557803604,0.2606952439793955,0.3972239038134556,0.5273485625824172,0.3207670186219821,29.59616365305592,38.15884149346259,36.37358894717341,194.6335844532068
32,6416.968067419712,0.0,-8.639969243151906,42.73130677804771,31.979019255802605,6.218783453300589,11.654369589887782,0.2606952439793955,0.3972239038134556,0.5273485601438814,0.3203598726185862,29.59616365305592,38.15884149346259,36.37358894717341,192.34633838924677
32,6416.968067419712,0.0,-8.65120313097395,42.73289044277493,31.979019255802605,6.304909926602937,8.814908175412663,0.2606950991545694,0.3972239038134556,0.5273485601438814,0.3169715604509104,29.59616365305592,38.15884149346259,36.37358894717341,183.7601043712865
32,6416.968067419712,0.0,-8.675348140011746,42.73289044277493,31.979019255802605,6.490021662559385,8.899405122699543,0.2606952439793955,0.3972239038134556,0.5273478992438434,0.3203564209169569,29.59616365305592,38.15884149346259,36.37358894717341,60.01453587198989
32,6416.968067419712,0.0,-8.651706557990188,42.73289044277493,31.979019255802605,6.308769533727433,8.805762472267508,0.2606952439793955,0.3971530601648965,0.5273479016823792,0.3207775517900361,29.59616365305592,38.15884149346259,36.37358894717341,192.353309580184
32,6416.968067419712,0.0,-8.651010881499221,42.73289044277493,31.979019255802605,6.303436013963332,8.817679557803604,0.2606953786356594,0.3972239038134556,0.527352151138337,0.3204162380928194,29.59616365305592,38.15884149346259,36.37358894717341,192.50061211535217
32,6416.968067419712,0.0,-8.651791819441982,42.73289044277493,31.979019255802605,6.3094232048578585,8.818159406925265,0.2606951016184712,0.3971530601648965,0.5273479016823792,0.3207775517900361,29.59616365305592,38.15884149346259,37.96231201820385,39.44522348410416
32,6416.968067419712,0.0,-8.651010881499221,42.73289044277493,31.979019255802605,6.303436013963332,8.813311831977515,0.2607216244487949,0.3978235409303255,0.5273479553609843,0.3203228575095901,29.59616365305592,38.15884149346259,36.37380207589352,183.3775878854636
32,6416.968067419712,0.0,-8.651010881499221,42.73289044277493,31.979019255802605,6.303436013963332,8.814730462892994,0.2607199078127657,0.3972169674857608,0.527348582045026,0.3202711914304803,29.59616365305592,38.15884149346259,36.375463095273474,192.6084617040761
32,6416.968067419712,0.0,-8.65108805599857,42.73289044277493,31.979019255802605,6.304027685125038,9.041222600360134,0.2606952439793955,0.3972239038134556,0.5273488236671708,0.320352531540523,29.59616365305592,38.15884149346259,36.37358894717341,62.44935661706961
32,6416.968067419712,0.0,-8.651050937855363,42.73289044277493,31.979019255802605,6.303743112693782,8.900315111977553,0.2628219333081116,0.3972212245579316,0.5273485601438814,0.3203532491568766,29.59616365305592,38.15884149346259,36.43874640755698,181.26818137503832
32,6416.968067419712,0.0,-8.624756766674636,42.7329118565974,31.979019255802605,6.102154466974877,11.380078537298424,0.2606952439793955,0.4002381540780222,0.5273485601438814,0.3166961114215027,28.98400725316789,4.359648128318696,14.098085930509042,207.7503966930474
32,6416.968067419712,0.0,-8.654074906497137,42.73270877849068,31.967759541172143,6.315667157650241,8.895392933641078,0.2606950074473105,0.3971942167473066,0.5273485295783564,0.3180172315839039,29.59616365305592,38.15884149346259,36.37358894717341,187.02333081609933
33,6416.968067419712,0.0,-8.651706557990188,42.73289044277493,31.979019255802605,6.308769533727433,8.805762472267508,0.2606952439793955,0.3971492136260274,0.5273479016823792,0.2715129444484782,29.59616365305592,38.15884149346259,36.37358894717341,192.353309580184
33,6416.968067419712,0.0,-8.640284597989961,42.73289044277493,31.979019255802605,6.221201173725682,11.73634925918942,0.2606952439793955,0.3972239038134556,0.5273485601438814,0.3203532491568766,29.59616365305592,38.15884149346259,36.42717798318295,192.34633838924677
33,6416.968067419712,0.0,-8.651109404574584,42.732141135025465,31.9785979517212,6.303770053459735,11.512806216632924,0.2607195462701583,0.3973435893196689,0.5273518876150476,0.3052555973378847,29.59616365305592,38.15884149346259,36.97040865469851,192.34611968515503
33,6416.968067419712,0.0,-8.651050937855363,42.73289044277493,31.979019255802605,6.303743112693782,8.813374512879939,0.2606952439793955,0.3972277503523247,0.5273485601438814,0.308380231030969,29.59616365305592,38.15884149346259,36.37358894717341,192.81728331095283
33,6416.968067419712,0.0,-8.651010881499221,42.73289044277493,31.979019255802605,6.303436013963332,8.804995386293923,0.2606952293963128,0.3972230935496737,0.527352151138337,0.3204162380928194,29.59616365305592,38.15884149346259,36.32779040892542,183.2697382967397
33,6416.968067419712,0.0,-8.651010771185849,42.73289044277493,31.979019255802605,6.303435168227498,8.81792566675482,0.2606952490068936,0.3972239038134556,0.527352151138337,0.3204162380928194,29.59616365305592,38.15884149346259,36.37358894717341,192.50061211535217
33,6416.968067419712,0.0,-8.651380878943197,42.73289044277493,31.979019255802605,6.306272661033844,9.059499741998357,0.2606952439793955,0.3972239038134556,0.5273485605322766,0.3203525308720217,29.59616365305592,38.15884149346259,36.37358894717341,192.4994345512613
33,6416.968067419712,0.0,-8.651094362947713,42.73289044277493,31.978976191449014,6.304032974048213,8.817679557803604,0.2607209175960264,0.3972239038134556,0.5273521935275595,0.3203534007176049,29.59616365305592,38.15884149346259,36.37358894717341,50.51941126830189
33,6416.968067419712,0.0,-8.644070628838808,42.73289044277493,31.979019255802605,6.25022741023352,9.0878076663869,0.2606634723091429,0.3974239639574953,0.527348533284299,0.3146663492738282,29.59616365305592,38.15884149346259,36.37521658292161,198.9984426268827
33,6416.968067419712,0.0,-8.651308350584884,42.73289044277493,31.97673337055598,6.303430725040157,10.454121420729969,0.2606954817458494,0.3972239038134556,0.5273487446251771,0.3204121852269092,29.59616365305592,38.15884149346259,36.37358894717341,62.4862485247581
33,6416.968067419712,0.0,-8.651734630661302,42.73289044277493,31.979019255802605,6.308984757539316,8.81782983276902,0.2606948902576251,0.3971541782140124,0.5273479014301337,0.3207775517900361,29.59616365305592,38.15884149346259,36.37358894717341,62.30187261522661
33,6416.968067419712,0.0,-8.651076262093078,42.73289044277493,31.979019255802605,6.303937265182916,11.591143713154969,0.2606952439793955,0.3972171973301076,0.527347907699114,0.3203532491568766,29.59616365305592,38.15884149346259,36.372273329444496,184.2304778884669
33,6416.968067419712,0.0,-8.639755912773143,42.73289044277493,31.979019255802605,6.217147920396756,11.73634925918942,0.2606952439793955,0.3972239038134556,0.5273488232787756,0.320353249825378,29.59616365305592,38.15884149346259,33.13305676829648,192.34633838924677
33,6416.968067419712,0.0,-8.654074906497137,42.73269474635863,31.967759541172143,6.315667157650241,10.600931610445173,0.2606950074473105,0.3971942167473066,0.5273485301076059,0.3179479895242371,29.59616365305592,38.15884149346259,36.37358894717341,187.02333081609933
33,6416.968067419712,0.0,-8.651784198272338,42.73289044277493,31.979019255802605,6.309364775890585,8.818159406925265,0.2606951016184712,0.3971530601648965,0.5273484973543522,0.3207775517900361,29.59616365305592,38.15884149346259,36.38961054600136,39.44522348410416
33,6416.968067419712,0.0,-8.624756766674636,42.73134222400224,31.979019255802605,6.102154466974877,11.659004145995414,0.2606952439793955,0.3972239038134556,0.527348559614632,0.316771976942879,28.98400725316789,4.359648128318696,14.098085930509042,186.1976660717118
34,6416.968067419712,0.0,-8.65105269304367,42.73289044277493,31.979019255802605,6.3037565691374615,9.060631177622282,0.2606952439793955,0.3972239038134556,0.5273485603646456,0.3185527336235322,29.59616365305592,38.15884149346259,36.37358894717341,192.80245751294387
34,6416.968067419712,0.0,-8.652900523539333,42.73289044277493,31.979019255802605,6.317923269604206,8.79903713119629,0.2606952439793955,0.3972086306031871,0.5265208190207666,0.3202826793705843,29.59616365305592,38.15815905242885,36.30723800370863,192.2477971268191
34,6416.968067419712,0.0,-8.651734630661302,42.73289044277493,31.979019255802605,6.308984757539316,8.81782983276902,0.2606948902576251,0.3972246565382806,0.5273479440943176,0.3207775517900361,29.59616365305592,38.15884149346259,36.37358894717341,62.30187261522661
34,6416.968067419712,0.0,-8.651010881499221,42.73289044277493,31.979019255802605,6.303436013963332,9.059499741998357,0.2606952439793955,0.3978388141405941,0.5273488236671708,0.320352531540523,29.59616365305592,38.15884149346259,36.37358894717341,196.50405087903945
34,6416.968067419712,0.0,-8.65109677690781,42.73289044277493,31.978950658172877,6.3040259477994445,8.817679557803604,0.2607209175960264,0.3972239038134556,0.5273485868415908,0.3203534007176049,29.59616365305592,38.15884149346259,34.97573439635396,51.04603620492784
34,6416.968067419712,0.0,-8.651305936624794,42.73289044277493,31.976758903832124,6.303437751288926,10.454121420729969,0.2606954817458494,0.3972239038134556,0.5273523513111458,0.3204121852269092,29.59616365305592,38.15884149346259,36.37358894717341,61.95962358813215
34,6416.968067419712,0.0,-8.651706345768076,42.73289044277493,31.979019255802605,6.30876790669122,15.060278971199882,0.2606952439793955,0.3972237515976787,0.527347836799017,0.3225768965657716,29.59616365305592,38.15884149346259,36.37358894717341,192.3577741534513
34,6416.968067419712,0.0,-8.651050937855363,42.73289044277493,31.979019255802605,6.303743112693782,8.899648762075438,0.2629304451582825,0.3972238602367009,0.5273485601438814,0.3203532491568766,29.59616365305592,38.15884149346259,36.44130351346931,179.90999418113506
34,6416.968067419712,0.0,-8.651017825836437,42.73289044277493,31.978976191449014,6.30344618952842,8.81773736820378,0.2607209166792977,0.3972239038134556,0.5273521221489297,0.3203534007176049,29.59616365305592,38.15884149346259,36.37358716473247,189.17487230562392
34,6416.968067419712,0.0,-8.651010881499221,42.73289044277493,31.979019255802605,6.303436013963332,8.817679557803604,0.2606953786356594,0.3972239038134556,0.527352151138337,0.3204162380928194,29.59616365305592,38.15884149346259,36.37358894717341,176.01336042246956
34,6416.968067419712,0.0,-8.651783732489541,42.73289044277493,31.979019255802605,6.3093612048891385,8.818345907705718,0.2605867321292246,0.3972212681346862,0.5273479016823792,0.3207701903820624,29.59616365305592,38.15884149346259,36.371031841261086,63.66007049880979
34,6416.968067419712,0.0,-8.651010881499221,42.73289044277493,31.979019255802605,6.303436013963332,8.817679557803604,0.2606952429028819,0.3972223795996378,0.5273478744150359,0.3204162380928194,29.59616365305592,38.15884149346259,36.32779040892542,183.2697382967397
35,6416.968067419712,0.0,-8.651784198272338,42.73289044277493,31.979019255802605,6.309364775890585,8.818159406925265,0.2606953722295405,0.3971548636786632,0.5273483854742832,0.3207775517900361,29.59616365305592,38.15884149346259,36.38963866109158,45.18773734018146
35,6416.968067419712,0.0,-8.65105269304367,42.73289044277493,31.979019255802605,6.3037565691374615,9.060860509519944,0.2606952439793955,0.3972239038134556,0.5273485603646456,0.3185527336235322,29.59616365305592,38.15884149346259,36.37358894717341,192.7936922081608
35,6416.968067419712,0.0,-8.652900523539333,42.73289044277493,31.979019255802605,6.317923269604206,8.79903713119629,0.2606952439793955,0.3972089219465813,0.5273404713306971,0.3202864611324688,29.59616365305592,38.15815905242885,36.37188094385745,192.2477971268191
35,6416.968067419712,0.0,-8.64422186519814,42.73289044277493,31.979019255802605,6.251386888988387,9.063671114450766,0.2606624745547468,0.3974239639574953,0.527352151138337,0.3204696463119812,29.59616365305592,38.15884149346259,36.37493616525644,198.72440744741655
35,6416.968067419712,0.0,-8.651734630661302,42.73289044277493,31.979019255802605,6.308984757539316,8.81782983276902,0.260694893092855,0.3972246565382806,0.5273479423435243,0.3203054629740033,29.59616365305592,38.15884149346259,36.37358894717341,62.30187261522661
35,6416.968067419712,0.0,-8.644102763271093,42.73289044277493,31.979019255802605,6.250473774214348,8.828739914479039,0.2606953999122043,0.3971530601648965,0.5273521025216424,0.3139513541362878,29.59616365305592,38.15884149346259,36.38961054600136,194.63180530820688
35,6416.968067419712,0.0,-8.651314713353173,42.73289044277493,31.976691615581235,6.303437751288926,10.454121420729969,0.2606930579918326,0.3972239038134556,0.5273523513111458,0.3145716623002178,29.59616365305592,38.15884149346259,36.37358894717341,61.95962358813215
35,6416.968067419712,0.0,-8.651727235911146,42.73289044277493,31.979019255802605,6.308928064454775,8.81864114628093,0.2606952293963128,0.3972230935496737,0.5273521844255047,0.3031472862898127,29.59616365305592,38.15884149346259,36.32779040892542,175.16918253831403
35,6416.968067419712,0.0,-8.651713696241611,42.73289044277493,31.979019255802605,6.308824260321658,8.805810210548398,0.2606952439793955,0.3972277503523247,0.5273478596333451,0.308380231030969,29.59616365305592,38.15884149346259,36.37358894717341,192.81728331095283
35,6416.968067419712,0.0,-8.651010881499221,42.73289044277493,31.979019255802605,6.303436013963332,8.817679557803604,0.2606951080245901,0.3972221002996889,0.5273522630184061,0.3204162380928194,29.59616365305592,38.15884149346259,36.37356083208319,186.7606756658236
36,6416.968067419712,0.0,-8.639486184707991,42.73289044277493,31.979019255802605,6.215080005230566,11.73634925918942,0.2606952439793955,0.3972239038134556,0.5273488103690138,0.320353249825378,29.59616365305592,38.15884149346259,33.13305676829648,192.34633838924677
36,6416.968067419712,0.0,-8.651783732489541,42.73289044277493,31.979019255802605,6.3093612048891385,9.083054151963134,0.2606952439793955,0.3974217830844636,0.5273479016823792,0.3207701903820624,29.59616365305592,38.15884149346259,36.37522481622161,188.75190423223088
36,6416.968067419712,0.0,-8.644179395076382,42.73289044277493,31.979019255802605,6.251061284721585,9.0878076663869,0.2606634723091429,0.3974239639574953,0.5273485599385138,0.3146663492738282,29.59616365305592,38.15884149346259,36.37521658292161,198.94668391665388
36,6416.968067419712,0.0,-8.651823834768681,42.68294893088453,31.979019255802605,6.309668655695894,8.817679557803604,0.2606953866230524,0.3971547271435665,0.5273485594388746,0.3204162380928194,29.59616365305592,38.15884149346259,36.32779040892542,183.2697382967397
36,6416.968067419712,0.0,-8.651057756769077,42.73289044277493,31.979019255802605,6.303795391032238,8.81792566675482,0.2606952490068936,0.397209122433881,0.527352151138337,0.3204254487913928,29.59616365305592,38.158181931314,36.37251945110451,192.50061211535217
36,6416.968067419712,0.0,-8.644102763271093,42.73289044277493,31.979019255802605,6.250473774214348,8.815237122075136,0.2606954002491813,0.3971530601648965,0.5273485532807738,0.3202683509440752,29.59616365305592,38.15884149346259,36.38961054600136,194.63180530820688
36,6416.968067419712,0.0,-8.64422186519814,42.73289044277493,31.979019255802605,6.251386888988387,9.08134264528853,0.2606953809466785,0.3972304254413184,0.5273521838939497,0.3204696463119812,29.59616365305592,38.15884149346259,36.37493616525644,199.23955955776336
36,6416.968067419712,0.0,-8.651784198272338,42.73289044277493,31.979019255802605,6.309364775890585,8.818159406925265,0.2606953722295405,0.3971535303802966,0.5273483677524203,0.3207775517900361,29.59616365305592,38.15884149346259,31.479345002783663,45.24628397526429
36,6416.968067419712,0.0,-8.651206935700344,42.73289044277493,31.979019255802605,6.304939096171944,8.818086022635915,0.2606951059168149,0.3972234553562138,0.5273485601438814,0.3169715604509104,29.59616365305592,38.15884149346259,36.37591332128872,183.77954492397285
36,6416.968067419712,0.0,-8.650942171617789,42.73289044277493,31.979019255802605,6.302909238205716,8.899648762075438,0.2629304451582825,0.3972238602367009,0.5273485334896665,0.3203532491568766,29.59616365305592,38.15884149346259,36.44130351346931,179.96175289136383
36,6416.968067419712,0.0,-8.651096818045193,42.73289044277493,31.97895034278624,6.3040259477994445,8.817742061753622,0.2607209175960264,0.3972239038134556,0.5273485868415908,0.3203534007176049,29.59616365305592,38.15884149346259,34.97573439635396,51.12926362972624
36,6416.968067419712,0.0,-8.640284597989961,42.73289044277493,31.979019255802605,6.221201173725682,11.62268223573736,0.2606952488951151,0.3972239038134556,0.5273485601438814,0.3203532491568766,29.59616365305592,38.15884149346259,36.42717798318295,183.9626608046293
36,6416.968067419712,0.0,-8.651314713353173,42.73289044277493,31.976691615581235,6.303437751288926,10.454121420729969,0.260694877922578,0.3972239038134556,0.5273521555365968,0.320497678228709,29.59616365305592,38.15884149346259,36.373202633390086,61.95962358813215
36,6416.968067419712,0.0,-8.651287553901593,42.73289044277493,31.978976191449014,6.30551410469461,8.81773736820378,0.2607209166792977,0.3972239038134556,0.5273521350586916,0.3203534007176049,29.59616365305592,38.15884149346259,36.37358716473247,189.17487230562392
36,6416.968067419712,0.0,-8.651783732489541,42.73289044277493,31.979019255802605,6.3093612048891385,8.818345907705718,0.2605867321292246,0.3972212681346862,0.5273479016823792,0.3207701903820624,29.59616365305592,38.15877808359373,36.371031841261086,63.66007049880979
37,6416.968067419712,0.0,-8.64422186519814,42.73289044277493,31.979019255802605,6.251386888988387,9.066017792919492,0.2607160583420132,0.3972219773855092,0.527352151138337,0.3204696463119812,29.59616365305592,38.15884149346259,36.37493616525644,189.41956723522483
37,6416.968067419712,0.0,-8.625061148608854,42.73291157823735,31.97668566097362,6.102154466974877,10.450465501830402,0.2606952439793955,0.4004955855569216,0.5273485502659737,0.3201520792249824,28.968115743492387,4.359648128318696,14.098085930509042,203.3131754837981
37,6416.968067419712,0.0,-8.651206935700344,42.73289044277493,31.979019255802605,6.304939096171944,8.817713373162665,0.2607209325650128,0.3972234417544628,0.5273485601438814,0.3170824712380174,29.59616365305592,38.15884149346259,36.37591332128872,188.9787809141228
37,6416.968067419712,0.0,-8.65112272103449,42.73289044277493,31.97901923258564,6.304293427183452,8.815237122075136,0.260696277652203,0.3971555394245512,0.5273485532807738,0.3202683509440752,29.59616365305592,38.15884149346259,34.99100039457281,194.63180530820688
37,6416.968067419712,0.0,-8.651010881499221,42.73289044277493,31.979019255802605,6.303436013963332,9.059499741998357,0.2606952439793955,0.3972239038134556,0.5273488236671708,0.2906564427459487,29.59616365305592,38.15884149346259,36.37358894717341,175.1351154916147
37,6416.968067419712,0.0,-8.651010771185849,42.73289044277493,31.979019255802605,6.303435168227498,8.818159866405678,0.2606952490068936,0.3972238016382837,0.527352151138337,0.3204162380928194,29.59616365305592,38.15884149346259,36.37358894717341,192.50061211535217
37,6416.968067419712,0.0,-8.64000531707666,42.73289044277493,31.979019255802605,6.219060020057058,11.864082884328925,0.2606952439793955,0.3972230577878579,0.5273488421142708,0.320353249825378,29.59616365305592,38.15884149346259,33.13305676829648,192.34633838924677
37,6416.968067419712,0.0,-8.651010881499221,42.73289044277493,31.979019255802605,6.303436013963332,10.282740054951264,0.2606948756745424,0.3972238401881377,0.527352151138337,0.3204774465130809,29.59616365305592,38.15884149346259,36.37611372309311,199.3244120572056
37,6416.968067419712,0.0,-8.650942171617789,42.73289044277493,31.979019255802605,6.302909238205716,8.801783545874214,0.2607137551914474,0.3972238602367009,0.5273484473424035,0.3203532491568766,29.59616365305592,39.08536636633601,36.36727201505265,179.81376010269557
37,6416.968067419712,0.0,-8.652900523539333,42.73289044277493,31.979019255802605,6.317923269604206,11.618662973426806,0.2606952439793955,0.3972086306031871,0.5273292605558954,0.3203523378917843,29.59616365305592,38.15815905242885,36.30723800370863,192.2477971268191
37,6416.968067419712,0.0,-8.651010881499221,42.73289044277493,31.979019255802605,6.303436013963332,8.818620034095188,0.2606948756745424,0.3972238401881377,0.5264993533124278,0.3202885929299239,29.59616365305592,36.48430492408811,36.307078776731714,183.2697382967397
37,6416.968067419712,0.0,-8.643984125117804,42.73289044277493,31.979019255802605,6.249564215039143,11.73634925918942,0.260695245956893,0.3972239038134556,0.5273521119617726,0.3203532491568766,29.59616365305592,38.15884149346259,36.42717798318295,192.34633838924677
37,6416.968067419712,0.0,-8.651313805220127,42.73289044277493,31.976698577934556,6.303437751288926,8.809088036386576,0.2606951163687801,0.3972239038134556,0.5273522646227136,0.320497678228709,29.59616365305592,38.15884149346259,36.373558786933735,65.19568015876403
37,6416.968067419712,0.0,-8.644070628838808,42.73289044277493,31.979019255802605,6.25022741023352,9.0878076663869,0.2606624548591098,0.3974239639574953,0.527348516325445,0.3146663492738282,29.59616365305592,38.15884149346259,36.37524264578066,198.9984426268827
37,6416.968067419712,0.0,-8.651010331418956,42.73289072113496,31.979025210410224,6.303437751288926,11.38373445619799,0.260694877922578,0.3969664723345563,0.5273521654145045,0.3170417104252294,29.61205516273142,38.15884149346259,36.373202633390086,66.39553405958455
37,6416.968067419712,0.0,-8.651287553901593,42.73289044277493,31.978976191449014,6.30551410469461,8.818110017677032,0.2606950900310998,0.3972239174152066,0.5273521350586916,0.3202424899304978,29.59616365305592,38.15884149346259,36.37358716473247,183.975636315474
37,6416.968067419712,0.0,-8.651087468098098,42.73289044277493,31.979019255802605,6.304023177888069,8.817742032948537,0.2607208093284473,0.3972239038134556,0.5273479382474996,0.2929922905652555,29.59616365305592,38.15884149346259,36.3830891693356,62.30187261522661
37,6416.968067419712,0.0,-8.651208103542473,42.73289044277493,31.979019255802605,6.304948049628282,8.690907521141712,0.2606952293963128,0.3972239395752715,0.5273521526802477,0.3031472862898127,29.59616365305592,38.15884149346259,36.32779040892542,175.16918253831403
37,6416.968067419712,0.0,-8.65101178963226,42.73289044277493,31.97901229344929,6.303436013963332,10.462712942146997,0.260694869578388,0.3972221002996889,0.5273521539322892,0.3204162380928194,29.59616365305592,38.15884149346259,36.37320467853953,183.52462360610733
37,6416.968067419712,0.0,-8.652900523539333,42.73289044277493,31.979019255802605,6.317923269604206,8.511969926592613,0.2606952439793955,0.3972086306031871,0.5273736168466758,0.3204103245334797,29.59616365305592,38.15880193201592,36.32794963590234,192.2477971268191
38,6416.968067419712,0.0,-8.651057756769077,42.73289044277493,31.979019255802605,6.303795391032238,8.81792566675482,0.2606952490068936,0.397209122433881,0.5273520289817173,0.3204053962146002,29.59616365305592,38.158176545339614,36.37358429876839,192.49331331288093
38,6416.968067419712,0.0,-8.651734630661302,42.73289044277493,31.979019255802605,6.308984757539316,8.817767744282545,0.2606949085419142,0.3972239101732756,0.5273479423435243,0.3203054629740033,29.59616365305592,38.15884149346259,36.37358894717341,62.30187261522661
38,6416.968067419712,0.0,-8.651010408253107,42.73289044277493,31.979022884022807,6.303436013963332,8.818088435866477,0.2606948839901944,0.3972239171310452,0.5264993533124278,0.3202887108361609,29.59616365305592,36.48430492408811,36.307078776731714,169.15537748869272
38,6416.968067419712,0.0,-8.651206935700344,42.73289044277493,31.979019255802605,6.304939096171944,8.818086022635915,0.260695092494499,0.3972234553562138,0.5273485601438814,0.3169715604509104,29.597552429575625,38.15884149346259,36.37591332128872,66.04640634095185
38,6416.968067419712,0.0,-8.651288027147707,42.73289044277493,31.97897256322881,6.30551410469461,8.818641615905742,0.2606950817154478,0.3972238404722992,0.5273521350586916,0.3202423720242608,29.59616365305592,38.15884149346259,36.37358716473247,183.98313808995985
38,6416.968067419712,0.0,-8.651777862906588,42.73289044277493,31.979019255802605,6.30931620475316,8.818307644083562,0.2605867321292246,0.3972210400940255,0.5273479404073393,0.2937406071444933,29.59616365305592,38.15877808359373,36.371031841261086,63.6627513413701
38,6416.968067419712,0.0,-8.675840714387093,42.73289044277493,31.979019255802605,6.493798066103698,8.81549458978278,0.2606952285303362,0.3972246501784607,0.5273485601438814,0.3203532491568766,29.59616365305592,38.15884149346259,36.37358894717341,189.26523985281972
38,6416.968067419712,0.0,-8.650947493671687,42.73289044277493,31.979019255802605,6.3029500406189305,8.802165198086618,0.2607139805727901,0.397223478389556,0.5273485601438814,0.3170824712380174,29.59616365305592,38.15884149346259,36.37591332128872,188.9787809141228
38,6416.968067419712,0.0,-8.651785124072475,42.73289044277493,31.979019255802605,6.30937187369163,9.08193246561779,0.2606952442854441,0.3974219339260637,0.5273479016823792,0.3207701903820624,29.59616365305592,38.15822868604949,36.37538129976598,188.75190423223088
38,6416.968067419712,0.0,-8.64000531707666,42.73289044277493,31.979019255802605,6.219060020057058,11.864082884328925,0.260715004391728,0.3972238649884653,0.5273484266684374,0.320353249825378,29.59616365305592,38.15884149346259,33.33686566324041,192.34633838924677
38,6416.968067419712,0.0,-8.624756766674636,42.73289064037825,31.979019255802605,6.102154466974877,11.31140523701605,0.2606952463130007,0.4002381540780222,0.5273485601438814,0.3166961114215027,28.98400725316789,4.194487224139772,14.098085930509042,207.7503966930474
38,6416.968067419712,0.0,-8.644876863232355,42.73289045075294,31.979025210410224,6.256414495191663,11.38373445619799,0.260694731980845,0.3969664723345563,0.5273521654145045,0.3166905403970473,29.61290647947003,38.15884149346259,36.373202633390086,173.80512905577388
39,6416.968067419712,0.0,-8.652844196162054,42.73289044277493,31.979019255802605,6.317491426378422,8.512230887919985,0.2606949085419142,0.3972096293994075,0.5273479423435243,0.3203054629740033,29.59616365305592,38.15880164823225,36.32800718763122,195.42649027529652
39,6416.968067419712,0.0,-8.650945128403496,42.73289044277493,31.979019255802605,6.302931906896128,8.805782029954246,0.2606952439793955,0.3971492136260274,0.5273479016823792,0.3246312590066582,29.59616365305592,38.15884149346259,36.37358894717341,188.66069716652268
39,6416.968067419712,0.0,-8.651792214312753,42.73289044277493,31.979019255802605,6.309426232200416,8.818084489098291,0.260695092494499,0.3972210276009575,0.5273485601438814,0.3152415891526629,29.597552429575625,38.15884149346259,36.37591332128872,66.04640634095185
39,6416.968067419712,0.0,-8.652900523539333,42.73289044277493,31.979019255802605,6.317923269604206,8.79903713119629,0.2607217760690482,0.3972089219465813,0.52734056488505,0.3202864611324688,29.59616365305592,38.15815905242885,36.37188094385745,192.2477971268191
39,6416.968067419712,0.0,-8.651124789897079,42.73289044277493,31.979019233436627,6.304309289314264,8.815237122075136,0.260696277652203,0.3972228225365318,0.5273485532807738,0.3202685885567233,29.59616365305592,38.15884149346259,34.963971971130974,194.63180530820688
39,6416.968067419712,0.0,-8.65099365125938,42.73289044277493,31.979019255802605,6.303303915457917,8.052249387134257,0.2606952490068936,0.3972239114286048,0.5273520774762019,0.293269934236635,29.59616365305592,38.15884149346259,36.37358894717341,190.29167975501525
39,6416.968067419712,0.0,-8.650854004951032,42.73289044277493,31.979019255802605,6.3022332937605485,8.822674931297163,0.2606952439793955,0.3972239038134556,0.5273485601438814,0.3204988988204134,29.59616365305592,38.15884149346259,36.37355875147023,195.718104266916
39,6416.968067419712,0.0,-8.651104588024566,42.73289044277493,31.979019255802605,6.3041544306576505,8.81771639956889,0.2607208093284473,0.3972237940231345,0.5273480119096345,0.3201385944214399,29.59616365305592,38.15884149346259,36.3830891693356,64.51076892270332
39,6416.968067419712,0.0,-8.65112272103449,42.73289044277493,31.97901923258564,6.304293427183452,4.915706443802574,0.260696277652203,0.3971555394245512,0.5273485532807738,0.3202660261157638,29.59616365305592,38.15884149346259,35.01695719790005,194.63180530820688
39,6416.968067419712,0.0,-8.651087468098098,42.73289044277493,31.979019255802605,6.304023177888069,8.817742032948537,0.2606942772387946,0.3972239038134556,0.5273478446931468,0.2883216894276643,29.59616365305592,38.15884149346259,36.3830891693356,62.30187261522661
39,6416.968067419712,0.0,-8.652593610406267,42.73289064037825,31.979019255802605,6.315570268917379,11.31140523701605,0.2606952463130007,0.3972464592227706,0.5273485601438814,0.3201989690678386,28.98400725316789,4.194487224139772,14.518433287241624,207.7503966930474
39,6416.968067419712,0.0,-8.651783732489541,42.73289044277493,31.979019255802605,6.3093612048891385,9.076991030041842,0.2606951418466522,0.3972239038134556,0.5273523503665203,0.320782167905443,29.59616365305592,38.15884149346259,36.37361969383431,62.30187261522661
39,6416.968067419712,0.0,-8.641477094411758,42.73289044277493,31.979019255802605,6.23034364629281,11.864082884328925,0.2607153923630647,0.3972238649884653,0.5273485793369846,0.320353249825378,29.59616365305592,38.15884149346259,36.323044557297166,192.42941234812332
39,6416.968067419712,0.0,-8.65180978200367,42.73289044277493,31.979019255802605,6.309560917830816,8.81792566675482,0.2606952490068936,0.3972239038134556,0.527352151138337,0.3204162380928194,29.59616365305592,38.15884149346259,36.37358894717341,192.54302888792532
39,6416.968067419712,0.0,-8.64422186519814,42.73289044277493,31.979019255802605,6.251386888988387,8.806706320681254,0.2607161604747564,0.3972219773855092,0.5273477024541959,0.3204576687886007,29.59616365305592,38.15884149346259,37.518516979269,189.41956723522483
39,6416.968067419712,0.0,-8.651708923258383,42.73289044277493,31.979019255802605,6.308787667450235,15.04328814542534,0.2607139805727901,0.397223478389556,0.5273485601438814,0.3170824712380174,29.59616365305592,38.15884149346259,36.37591332128872,194.6142226285689
40,6416.968067419712,0.0,-8.620830897447814,42.73289044277493,32.210399133530046,6.303436013963332,8.817679557803604,0.2590154608179312,0.141342965884932,0.5273522630184061,0.3204162380928194,29.261230356927516,38.15884149346259,36.37356083208319,187.40019707618887
40,6416.968067419712,0.0,-8.651010885217183,42.73289044277493,31.979019254693235,6.303436041358346,8.818091649478212,0.2606952481698306,0.3972238066854585,0.5273695606253573,0.3202888432148946,29.59616365305592,38.17866120043509,36.307078776731714,191.96084472821985
40,6416.968067419712,0.0,-8.651058144673748,42.73289044277493,31.9790192343568,6.303798343522248,8.817895488963114,0.2606962694441458,0.3972086229554938,0.5273485532807738,0.3202664647779946,29.59616365305592,38.15884149346259,34.963971971130974,194.63180530820688
40,6416.968067419712,0.0,-8.652900523539333,42.73289044277493,31.979019255802605,6.317923269604206,8.79903713119629,0.2607217760690482,0.3972089219465813,0.52734056488505,0.3202864611324688,29.59616365305592,38.12566591809326,36.37188094385745,192.2477971268191
40,6416.968067419712,0.0,-8.650992596731111,42.73289044277493,31.979019255802605,6.303295830741174,10.282740054951264,0.2606948726873119,0.3972238401881377,0.5273521584069434,0.3212834714427141,29.59616365305592,38.15884149346259,36.37617954205118,190.14612288902228
40,6416.968067419712,0.0,-8.650855510481716,42.73289044277493,31.979019255802605,6.302244836162474,8.81792566675482,0.2606952490068936,0.397209122433881,0.52734864688732,0.3204053962146002,29.59616365305592,37.32168137373968,36.37358377110962,191.98191731741332
40,6416.968067419712,0.0,-8.651204861514042,42.73289044277493,31.979019255802605,6.304923194076968,8.818086022635915,0.260695092494499,0.3972238918743687,0.5273479086668232,0.3205536370448865,29.596066054937324,38.15884149346259,36.37589542518078,66.04640634095185
40,6416.968067419712,0.0,-8.651010881499221,42.73289044277493,31.979019255802605,6.303436013963332,9.051428569649596,0.2606952439793955,0.3972237911362888,0.5273488220062728,0.320352531540523,29.59616365305592,38.15884149346259,36.38385973191165,192.4994345512613
40,6416.968067419712,0.0,-8.64422186519814,42.73289044277493,31.979019255802605,6.251386888988387,8.815868320837701,0.2607173010783966,0.3972220161433787,0.527352151138337,0.3203114078431633,29.59616365305592,38.15884149346259,36.37493616525644,61.06268068685449
40,6416.968067419712,0.0,-8.640253030107719,42.73289044277493,31.979019255802605,6.220959153295158,11.864082884328925,0.2606952439793955,0.3972239079083999,0.5273488421142708,0.320353249825378,29.59616365305592,38.15884149346259,33.13305676829648,194.3450974090534
40,6416.968067419712,0.0,-8.65180978200367,42.73289044277493,31.979019255802605,6.309560917830816,8.81792566675482,0.2606952490068936,0.3972239038134556,0.5278193996057434,0.3204162380928194,29.59616365305592,38.15884149346259,36.37525133101377,192.54302888792532
40,6416.968067419712,0.0,-8.651734630661302,42.73289044277493,31.979019255802605,6.308984757539316,9.067979304850809,0.2606936503564716,0.3972246177804111,0.5273479423435243,0.3204637014428212,29.59616365305592,38.15884149346259,36.37358894717341,190.6587437694963
40,6416.968067419712,0.0,-8.64000531707666,42.73289044277493,31.979019255802605,6.219060020057058,11.402865146920336,0.2606947677629886,0.3972238649884653,0.5273522884819317,0.320353249825378,29.59616365305592,38.15884149346259,36.46227024798932,192.34633838924677
40,6416.968067419712,0.0,-8.651781037332345,42.73289044277493,31.979019255802605,6.309340542017287,9.083054151963134,0.2606952640943666,0.3974269151492658,0.5273479006809538,0.3207701903820624,29.59616365305592,38.15884149346259,36.375099985488575,165.19441803646902
40,6416.968067419712,0.0,-8.651025163415646,42.73289044277493,31.979019255802605,6.303545508655921,8.817679557803604,0.2606951164611196,0.3972236790673077,0.5273485601438814,0.3190384728169361,29.59616365305592,38.16257548406105,36.329566684240135,195.9731997898641
40,6416.968067419712,0.0,-8.624756766674636,42.7329118565974,31.979019255802605,6.102154466974877,11.380078537298424,0.2606952439793955,0.4002381540780222,0.5273485601438814,0.3177536577355138,28.98400725316789,4.359648128318696,14.098085930509042,207.7503966930474
40,6416.968067419712,0.0,-8.651018132433027,42.73289044277493,31.979019255802605,6.303491604455836,8.81771639956889,0.2607208093284473,0.3972238408783229,0.527347894441002,0.3201437483100284,29.59616365305592,36.50520180141815,36.31166441884318,64.51076892270332
41,6416.968067419712,0.0,-8.652844196162054,42.73289044277493,31.979019255802605,6.317491426378422,8.512230887919985,0.2606949085419142,0.3972096293994075,0.5273479423435243,0.3660764616869019,29.59616365305592,38.15880164823225,36.32800718763122,195.42649027529652
41,6416.968067419712,0.0,-8.624756766674636,42.7329118565974,31.979019255802605,6.102154466974877,11.380078537298424,0.2606950883102776,0.4002381540780222,0.5273479066660425,0.3204697053678664,28.98400725316789,4.359648128318696,14.098085930509042,44.4168670432111
41,6416.968067419712,0.0,-8.64000531707666,42.73289044277493,31.979019255802605,6.219060020057058,11.587111973565356,0.2606952439793955,0.3972230577878579,0.5273488421142708,0.320353249825378,29.59616365305592,38.15884149346259,33.13305676829648,192.34633838924677
41,6416.968067419712,0.0,-8.650769062343684,42.73289044277493,31.979019255802605,6.30158206710425,8.819478077045966,0.2606918451701816,0.397209122433881,0.5273410927307414,0.3202794017060741,29.59616365305592,37.33277291029325,36.37182425249884,191.98191731741332
41,6416.968067419712,0.0,-8.64000531707666,42.73289044277493,31.979019255802605,6.219060020057058,11.88658689410427,0.2606952487027988,0.397223924626177,0.5273488421142708,0.320353249825378,29.59616365305592,38.15884149346259,33.13305676829648,192.34633838924677
41,6416.968067419712,0.0,-8.651669772062796,42.73289044277493,31.979019255802605,6.308487508284099,8.81782983276902,0.2606948737734014,0.3972246565382806,0.5273479423435243,0.3203055488480807,29.59616365305592,38.15884149346259,36.37358894717341,62.30187261522661
41,6416.968067419712,0.0,-8.651010885217183,42.73289044277493,31.979019254693235,6.303436041358346,8.818091649478212,0.260693635240633,0.3972238066854585,0.5273472389447643,0.3202946085296017,29.59616365305592,38.178699226791785,36.3747683719677,191.96084472821985
41,6416.968067419712,0.0,-8.65296538213784,42.77499315154144,31.979019255802605,6.318420518859423,8.79903713119629,0.260695263298849,0.3972089219465813,0.5273404713306971,0.3202863752583914,29.59616365305592,38.15815905242885,36.37188094385745,192.2477971268191
41,6416.968067419712,0.0,-8.652900523539333,42.73289044277493,31.979019255802605,6.317923269604206,8.79903713119629,0.2607217760690482,0.3972089219465813,0.5273399773739997,0.3202864611324688,29.59616365305592,38.12559309318318,36.37188094385745,192.34842899628129
41,6416.968067419712,0.0,-8.652986971677361,42.73289044277493,31.979019255802605,6.31858603866243,10.186251631893102,0.2607251799057601,0.3972089219465813,0.5273481190416287,0.3204124556409948,29.59616365305592,38.1145743815397,36.37364046246823,192.2477971268191
41,6416.968067419712,0.0,-8.651762004933918,42.73289044277493,31.979019255802605,6.309194626962693,9.08975434850781,0.2606952640943666,0.3974269151492658,0.527352043790573,0.3207700691656479,29.59616365305592,38.15884149346259,36.37358709996767,192.8158380094711
41,6416.968067419712,0.0,-8.651002449221764,42.73289044277493,31.979019255802605,6.303371366502855,8.79903713119629,0.2607246517609785,0.3972081251584351,0.5273404713306971,0.320282786209916,29.59616365305592,36.46811927080149,36.37188094385745,191.59104692896517
41,6416.968067419712,0.0,-8.651023621577686,42.73289044277493,31.979019255802605,6.303533687898242,8.817684023138272,0.2606948702629902,0.3972239213204193,0.5273485601438814,0.3190384728169361,29.59616365305592,38.16257548406105,36.30853963781273,169.22070306229858
42,6416.968067419712,0.0,-8.6526599507655,42.73289044277493,31.979019255802605,6.316078878338165,9.03161398860968,0.2607217760690482,0.3974169173446778,0.5273399773739997,0.3207767331932534,29.59616365305592,38.12556370466491,36.374871170185294,192.34842899628129
42,6416.968067419712,0.0,-8.65100299992686,42.73289064037825,31.979019255802605,6.303375588575252,11.31140523701605,0.2606952463130007,0.4000678717483923,0.5273485601438814,0.3166961114215027,28.98400725316789,4.194487224139772,14.098085930509042,207.3534349078612
42,6416.968067419712,0.0,-8.652900523539333,42.73289044277493,31.979019255802605,6.317923269604206,8.79903713119629,0.2606953820809028,0.3972089219465813,0.52734056488505,0.3202864611324688,29.59616365305592,38.15793776333491,36.37188094385745,192.86315206529733
42,6416.968067419712,0.0,-8.651023621577686,42.73289044277493,31.979019255802605,6.303533687898242,8.817647693170317,0.2607168181395022,0.3972239188862934,0.5273485601438814,0.3190384728169361,29.59616365305592,38.16233589789666,36.37577746944411,61.70635322658783
42,6416.968067419712,0.0,-8.651087468098098,42.73289044277493,31.979019255802605,6.304023177888069,8.817742032948537,0.2607208093284473,0.3972236781499572,0.5273479382474996,0.2929922905652555,29.59616365305592,38.15884149346259,36.3830891693356,62.30187261522661
42,6416.968067419712,0.0,-8.651010892980768,42.73289044277493,31.97901916777742,6.303436013963332,8.278752993409485,0.2606948896601271,0.3972239036227959,0.5273322691226339,0.3203512553716189,29.59616365305592,36.48430492408811,36.307078776731714,193.33432420940457
42,6416.968067419712,0.0,-8.652029176915043,42.73289044277493,31.979019255802605,6.311242945484662,8.815842570669316,0.2607173010783966,0.3972239164427554,0.527352151138337,0.3204141319034609,29.59616365305592,38.15884149346259,36.37493779049285,61.06268068685449
42,6416.968067419712,0.0,-8.653000301790456,42.73289044277493,31.979019255802605,6.318688236196159,8.79903713119629,0.2607217760690482,0.3972217391455027,0.52735198013981,0.3202864611324688,29.59616365305592,38.125604254908765,36.37188094385745,187.7645905907615
42,6416.968067419712,0.0,-8.650761534059622,42.73289044277493,31.979019255802605,6.301524350259764,9.037374753284809,0.2606953387934683,0.397209122433881,0.5273490305985277,0.3202794017060741,29.59616365305592,37.33277291029325,36.37127524592752,191.98107577289508
42,6416.968067419712,0.0,-8.652986971677361,42.73289044277493,31.979019255802605,6.31858603866243,10.186251631893102,0.2607251799057601,0.3972089219465813,0.5273481190416287,0.3204124556409948,29.59616365305592,38.113762726745705,36.37359049181963,192.2477971268191
43,6416.968067419712,0.0,-8.650728783181712,42.73289044277493,31.979019255802605,6.301273260195765,9.032778159280246,0.2606953387934683,0.397208927956133,0.5273480909076077,0.3204125919651747,29.59616365305592,38.08672957378999,36.37127524592752,191.99818711790883
43,6416.968067419712,0.0,-8.652964914188164,42.777866917039375,31.97902284341677,6.318420518859423,8.79856336508407,0.260695263298849,0.3972090248728218,0.5264186787088884,0.3202887747689525,29.59616365305592,38.15815905242885,36.307096719962246,170.27758312058364
43,6416.968067419712,0.0,-8.653000301790456,42.73289044277493,31.979019255802605,6.318688236196159,8.79980532371531,0.2607202325399474,0.3972237542351298,0.52735198013981,0.3202947409949813,29.59616365305592,38.125604254908765,36.37188094385745,187.7645905907615
43,6416.968067419712,0.0,-8.650761534059622,42.73289044277493,31.979019255802605,6.301524350259764,9.037374753284809,0.2606953387934683,0.397209122433881,0.5273490305985277,0.3190683256885373,29.59616365305592,37.33277291029325,36.3714165968942,184.2367748029791
43,6416.968067419712,0.0,-8.651126221761338,42.73289044277493,31.979019255802605,6.304320289306252,8.82187206620595,0.2607216474579683,0.3974207884562541,0.5273479086668232,0.3205536370448865,29.5961608860418,38.15884149346259,36.37589542518078,66.04640634095185
43,6416.968067419712,0.0,-8.651010881499221,42.73289044277493,31.979019255802605,6.303436013963332,9.05351224067597,0.2606952439793955,0.3972239038134556,0.5273491309066616,0.320352531540523,29.59616365305592,38.1588789439765,36.37188930631612,192.4994345512613
43,6416.968067419712,0.0,-8.651009752576208,42.73289044277493,31.979022884022807,6.303430987107102,8.818088435866477,0.2606948839901944,0.3972239171310452,0.5273928083015906,0.3202887108361609,29.59616365305592,36.48430492408811,36.307078776731714,169.15537748869272
43,6416.968067419712,0.0,-8.651010885217183,42.73289044277493,31.979019254693235,6.303436041358346,8.817323456959192,0.2606951787697337,0.3972217915958313,0.5273472389447643,0.3202863286670891,29.59616365305592,38.178699226791785,36.3747683719677,191.96084472821985
43,6416.968067419712,0.0,-8.650769062343684,42.73289044277493,31.979019255802605,6.30158206710425,8.817740364013055,0.2606917476621172,0.397209122433881,0.5273478150780839,0.3202916056916349,29.59616365305592,37.33573456170797,36.30307078488113,186.62014936214487
43,6416.968067419712,0.0,-8.651010885217183,42.73289044277493,31.979019254693235,6.303436041358346,8.818091649478212,0.2627380765979046,0.3972238066854585,0.5273695606253573,0.3202909809109441,29.59616365305592,38.17866120043509,36.37565638263539,163.32905284142566
43,6416.968067419712,0.0,-8.643690651825779,42.73289044277493,31.979019234223507,6.247314231554543,8.817895488963114,0.2606962694441458,0.3972087351874478,0.5273522597278661,0.3202664647779946,29.59616365305592,38.15884149346259,34.963971971130974,184.09292129047705
43,6416.968067419712,0.0,-8.652029176897656,42.73289044277493,31.979019255935896,6.311242945484662,8.815842570669316,0.2607173010783966,0.3972238042108014,0.5273484446912446,0.311265443356105,29.59616365305592,38.15884149346259,36.37493779049285,61.06268068685449
43,6416.968067419712,0.0,-8.644221865340938,42.73289044277493,31.979019254707797,6.251386888988387,8.818121956841814,0.2607173010783966,0.3972220161433787,0.527352151138337,0.3203113064099356,29.59616365305592,38.15884149346259,36.37493237902903,61.06268068685449
43,6416.968067419712,0.0,-8.653019722555275,42.73289044277493,31.979019255802605,6.31883712872643,10.190848225897662,0.2607251799057601,0.3972091164243292,0.5273490587325486,0.3202792653818943,29.59616365305592,37.36061771804295,36.37364046246823,192.23068578180536
44,6416.968067419712,0.0,-8.643690651825779,42.73289044277493,31.979019234223507,6.247314231554543,8.817833779427241,0.2606948194370843,0.3972244287069215,0.5273522597278661,0.3224628917028752,6.828031646213727,38.15884149346259,34.963971971130974,184.09292129047705
44,6416.968067419712,0.0,-8.65319816182479,42.73289044277493,31.979019255802605,6.320205163126035,8.89704788376465,0.2607250878802204,0.3972089219465813,0.5273481190416287,0.3203109789502238,29.59616365305592,38.160615956870046,36.37359049181963,61.029408974069824
44,6416.968067419712,0.0,-8.651010885217183,42.73289044277493,31.979019254693235,6.303436041358346,8.818091649478212,0.2607719619180861,0.3972238066854585,0.5273703860937644,0.3202912824797721,29.59616365305592,38.17869657370887,36.37473466765975,163.32905284142566
44,6416.968067419712,0.0,-8.651714395097617,42.73289044277493,31.979019255802605,6.308829618217716,8.81792566675482,0.2606960620581927,0.3972242193800462,0.527352151138337,0.3204160532504022,29.59616365305592,38.11378270324536,36.37358894717341,192.54302888792532
44,6416.968067419712,0.0,-8.652964914188164,42.78184991909997,31.97902284341677,6.318420518859423,8.744911306753195,0.2606952631284595,0.3972090248728218,0.5264186787088884,0.3203438518485968,29.59138297953881,38.15815905242885,36.307096719962246,171.84190121221403
44,6416.968067419712,0.0,-8.651734630661302,42.73289044277493,31.979019255802605,6.308984757539316,8.81789154230489,0.2606963430999166,0.397208963018807,0.5273479423435243,0.3203054629740033,29.59616365305592,38.15884149346259,36.37358894717341,62.30187261522661
44,6416.968067419712,0.0,-8.639751959932802,42.73289044277493,31.979019254662145,6.217117614147008,8.835431172443016,0.260693635240633,0.3972238066854585,0.5273472389447643,0.3202946085296017,29.59616365305592,38.178699226791785,33.14971484116282,198.53049019377863
44,6416.968067419712,0.0,-8.639930200890849,42.77411397961414,31.979019255802605,6.218484129299158,11.88658689410427,0.2606952487027988,0.3972090882228158,0.5273403544075079,0.320353249825378,29.59616365305592,38.15884149346259,36.12275921708186,192.34633838924677
44,6416.968067419712,0.0,-8.65177986308078,42.73289044277493,31.979019255802605,6.309331539421947,8.799892886009587,0.2606953673942033,0.3972219304139212,0.5273400579486563,0.3152261842249727,29.59747030589189,38.15884149346259,36.37591332128872,66.04640634095185
44,6416.968067419712,0.0,-8.651011962927779,42.73289044277493,31.979019255802605,6.303444304915628,8.82187206620595,0.2607216474579683,0.3974207884562541,0.5273479086668232,0.3205536370448865,29.59616362092333,38.15888004074716,36.3716973968361,66.04640634095185
44,6416.968067419712,0.0,-8.65101209871839,42.73289044277493,31.979019255802605,6.30344534597698,8.512230887919985,0.2606948897219305,0.397209983126096,0.5273479423435243,0.3203054629740033,29.59616365305592,38.16366061894442,36.30772237946897,193.37084677178908
44,6416.968067419712,0.0,-8.624756766674636,42.73290889701401,31.979019255802605,6.102154466974877,11.380078537298424,0.2606952439793955,0.4002381540780222,0.5273485601438814,0.3166961114215027,28.98400725316789,4.359648128318696,14.534651595749787,208.52760537334456
44,6416.968067419712,0.0,-8.653040498323652,42.73376961470221,31.979019255802605,6.318996409617322,8.79903713119629,0.260695263298849,0.3972237583499425,0.52734895903746,0.3202863752583914,29.59616365305592,38.15815905242885,33.38217849507206,192.2477971268191
44,6416.968067419712,0.0,-8.651010885217183,42.73289044277493,31.979019254693235,6.303436041358346,8.816223379551015,0.2627380765979046,0.3972245662903816,0.5273695606253573,0.3202909809109441,29.59616365305592,38.18161070539404,36.375759338792335,163.32905284142566
44,6416.968067419712,0.0,-8.652827212765349,42.73289044277493,31.979019255802605,6.317361220336981,8.512230887919985,0.2606949085419142,0.3972096293994075,0.5273479423435243,0.3201026802595973,29.59616365305592,38.158800924049366,36.32800718763122,195.42649027529652
45,6416.968067419712,0.0,-8.65284435400677,42.777274209251566,31.97901927718239,6.317492657900997,8.512230887919985,0.2606948805343879,0.3972096404546685,0.5273386375832453,0.3203064795301122,29.59616365305592,38.15880164823225,36.32800718763122,193.78186509013236
45,6416.968067419712,0.0,-8.64050104571512,42.73289044277493,31.979019255802605,6.222860606285251,11.843428518148794,0.2606948318463662,0.3972236781499572,0.5273479333601475,0.2937482890588637,29.59616365305592,38.15884149346259,33.24712992611644,62.30187261522661
45,6416.968067419712,0.0,-8.651838210530808,42.73289044277493,31.9790192569404,6.309778871009983,9.079670205087714,0.2606963191293639,0.3974281902978507,0.5273479006809538,0.3285618520654619,29.59616365305592,38.15884149346259,36.375099985488575,183.7723326949109
45,6416.968067419712,0.0,-8.650770875082895,42.73289044277493,31.979019255802605,6.301595964771503,8.819478077045966,0.2606918451701816,0.397209099844999,0.5273410927307414,0.3202788666203081,29.59616365305592,38.16112253640039,36.37182425249884,191.98191731741332
45,6416.968067419712,0.0,-8.65066736193528,42.73289044277493,31.979019255802605,6.300802363973123,9.010994002150367,0.2607191125536061,0.3972237542351298,0.5273481392698715,0.3202947409949813,29.59616365305592,38.08836976258603,36.37188094385745,187.7645905907615
45,6416.968067419712,0.0,-8.651823834768681,42.68294893088453,31.979019255802605,6.309668655695894,8.817679557803604,0.2597272987517087,0.3971512771890652,0.5273485594388746,0.3204162580769801,29.59616365305592,38.15884149346259,36.32779040892542,61.97807355807778
45,6416.968067419712,0.0,-8.650839452490693,42.73289044277493,31.979019255802605,6.302121724897975,8.57933450605834,0.2607212214614765,0.3972239079083999,0.5273488470016229,0.3195972513317698,29.59616365305592,38.15884149346259,36.26901601151564,194.3450974090534
45,6416.968067419712,0.0,-8.652827212765349,42.73163514644876,31.979019255802605,6.317361220336981,11.74128838849449,0.2606948799977547,0.3972090976671926,0.5273479325803963,0.3203282935372969,29.59616365305592,38.158800924049366,36.32800718763122,195.48011103414268
45,6416.968067419712,0.0,-8.651010881499221,42.73289044277493,31.979019255802605,6.303436013963332,9.051428569649596,0.2606952439793955,0.3972237911362888,0.5273479274790933,0.320352531540523,29.59616365305592,38.15884149346259,36.38385973191165,192.4994345512613
45,6416.968067419712,0.0,-8.639879535236506,42.77357870621872,31.979019255802605,6.218095692615871,8.376902081469956,0.2606922930775823,0.3972228926238592,0.5273411227702854,0.3203531075119222,29.59616365305592,38.15850245664937,36.113937800072726,192.34633838924677
45,6416.968067419712,0.0,-8.651126221761338,42.73289044277493,31.979019255802605,6.304320289306252,8.799362691835947,0.2607223062843511,0.3972112071471657,0.5273479086668232,0.3205536370448865,29.59616086113291,38.15884149346259,36.37589542518078,191.46232277087776
45,6416.968067419712,0.0,-8.651010285979183,42.73289044277493,31.979019255802605,6.303431448309727,8.512230887919985,0.2606948897219305,0.397210005714978,0.5273479423435243,0.3192299346924994,29.59616365305592,37.33531099283727,36.30772237946897,193.37084677178908
45,6416.968067419712,0.0,-8.639956712061213,42.73289044277493,31.979019255802605,6.218687381605291,8.765035233926241,0.2606952317727959,0.3972239079083999,0.5273488421142708,0.320353249825378,29.59616365305592,38.15884149346259,33.13305676829648,194.3450974090534
45,6416.968067419712,0.0,-8.65306463312378,42.73289044277493,31.979019255802605,6.319181443084966,8.81792566675482,0.2606952490068936,0.3972099766732746,0.52734864688732,0.3204073913286646,29.59616365305592,38.10107107267704,36.37358377110962,187.88264494524972
45,6416.968067419712,0.0,-8.651778635370153,42.73289044277493,31.979019255802605,6.309322126973832,8.799892886009587,0.2606953673942033,0.3972211283179131,0.5273485381960392,0.3151733123285686,29.59747030589189,38.15884149346259,36.37591332128872,66.10000330911288
45,6416.968067419712,0.0,-8.652900523539333,42.73289044277493,31.979019255802605,6.317923269604206,8.821546505566294,0.2606945851530127,0.3974185032556698,0.5273404713306971,0.3202864611324688,29.59616367796481,38.15815905242885,36.37188094385745,66.83184182572023
46,6416.968067419712,0.0,-8.651823834768681,42.68294893088453,31.979019255802605,6.309668655695894,8.817679557803604,0.2597272987517087,0.3971512771890652,0.5273485594388746,0.3267657920029553,29.59616365305592,38.15884149346259,36.32779040892542,61.97807355807778
46,6416.968067419712,0.0,-8.651010885217183,42.73289044277493,31.979019254693235,6.303436041358346,8.81809328838155,0.260755688229472,0.3972238137941327,0.5273695606253573,0.3202909809109441,29.59616365305592,38.181793644373386,36.37575787126995,163.32905284142566
46,6416.968067419712,0.0,-8.650728783181712,42.73289044277493,31.979019255802605,6.301273260195765,9.02854578433913,0.2606953387934683,0.397208927956133,0.5273481173920987,0.3204208283003065,29.59616365305592,38.08672957378999,36.37366865202134,60.44944995291552
46,6416.968067419712,0.0,-8.65075938341602,42.73289044277493,31.979019255802605,6.301507861992137,9.041606788999516,0.2607223062843511,0.3972112071471657,0.5273479503151238,0.3204984736998686,29.596160689371192,37.30787961919095,36.37153423350813,184.23540055430675
46,6416.968067419712,0.0,-8.624756766674636,42.7329118565974,31.979019255802605,6.102154466974877,9.043810568962906,0.2606952439793955,0.3973208886798882,0.5273481157528705,0.3166961114215027,28.98400725316789,4.9054887913099385,14.098085930509042,207.7503966930474
46,6416.968067419712,0.0,-8.651010885062501,42.73289044277493,31.979019255823392,6.303436041302616,9.055791211274896,0.2606952442356274,0.3972218339914224,0.5273491309066616,0.320352531540523,29.59616365305592,38.1588789439765,36.37465513321714,192.4909463629813
46,6416.968067419712,0.0,-8.652900523539333,42.73289044277493,31.979019255802605,6.317923269604206,8.821546505566294,0.2606945851530127,0.3974185032556698,0.5273486531411976,0.3203532655292369,29.59616367796481,38.15815905242885,36.232428106501935,188.75909737534053
46,6416.968067419712,0.0,-8.651010885217183,42.73289044277493,31.979019254693235,6.303436041358346,8.816221740647677,0.2627543502865187,0.3972245591817073,0.5273703860937644,0.3202912824797721,29.59616365305592,38.178513634729526,36.37473613518214,163.32905284142566
46,6416.968067419712,0.0,-8.6510108816539,42.73289044277493,31.979019254672448,6.303436014019061,9.494158762384885,0.2606951785135018,0.3972238614178644,0.5273472389447643,0.3202863286670891,29.59616365305592,38.178699226791785,36.37200254506667,191.96933291649975
46,6416.968067419712,0.0,-8.651004492831945,42.73289044277493,31.979019268515174,6.303387046893475,8.57933450605834,0.2607212214614765,0.3972239079083999,0.5273488470016229,0.3195972513317698,29.59616365305592,38.18321901882833,36.26901601151564,194.3450974090534
46,6416.968067419712,0.0,-8.651774967606979,42.73289044277493,31.979019255802605,6.309294007456147,8.802614503184259,0.2606953727081086,0.3972211283179131,0.5273485381960392,0.3493193318045359,29.596161029893175,38.15884149346259,36.37591332128872,63.12875542640998
46,6416.968067419712,0.0,-8.651010881499221,42.73289044277493,31.979019255802605,6.303436013963332,9.051428569649596,0.2606952439793955,0.3972237911362888,0.5273405844591156,0.3202835817544017,29.59616365305592,38.15884149346259,36.37128134210276,192.24574142120045
46,6416.968067419712,0.0,-8.640253030107719,42.73289044277493,31.979019255802605,6.220959153295158,11.864082884328925,0.2606952439793955,0.3972239079083999,0.5273406603037704,0.3202864454286098,29.59616365305592,38.15884149346259,33.27250960565198,72.4177815129323
46,6416.968067419712,0.0,-8.652900523539333,42.73289044277493,31.979019255802605,6.317923269604206,8.79903713119629,0.2606952439793955,0.3972089219465813,0.5273487088778542,0.3203554109185901,29.59616365305592,38.15815905242885,36.38445933366633,192.50149025687992
