archive_path,size_bytes,sha256
manuscript_CRST_final.docx,49704,b0a2c49a6188cc46830f37a80d161f15c63ed60a13f423fe77e3eb6f154c7949
review_copy/manuscript_CRST_inline_final.docx,1650000,4bce421c883b6fbdbd5726b5e930cb12c6e72d3ca3659b0b59263fd5d3212c0f
cover_letter_CRST_final.docx,37411,ac023f9c6102e63d27b069344a29deb192074566d17ec8adcf95fd22db47240a
supplement_CRST_final.docx,37724,6ee97718ca72fd02c1383b48700d1d557b0a71a989d990b03f60afdfd86d61fb
editable_tables_CRST.docx,41547,e29e08c54ddb81d4fad8b235bc71ebc67ecaeebe02633ca5ed1da0d86d0eb562
editable_figures_CRST.pptx,1634971,3e8445798e8eae1e0c8298e45ff306c4713f4b3848fa92f7d71939b7c5f3abda
highlights_CRST.txt,266,5babdc43caf7e70942d7ecfe240bb04cdb2130e8939572637140c9fb5f0a6525
CRST_submission_checklist.md,693,2b503f4f91d70dcb384c81c08578ba4c2104c967b11f1aabd2c7ee23094dcd02
CRST_scope_fit.md,405,9773add0fcd451de81b3e5e3bd2e620d1112605c78356b663805a3e487f7669e
REPRODUCIBILITY_README.md,726,1f46c81a47bef5833eefffe89e4a0a8dae0a3bd4b380114995c35b4454aaad55
audit/reference_audit.csv,15112,97c5530f5dc35cf0d1dd0d6c7123bd8ba9399b2ad9cdca0bcfd86adf1b146f7d
audit/FINAL_AUDIT.md,1704,b6b43ab6d8891230a4b4a782164a3b34ca2837ad125650097b42e337466cc12a
audit/REPRODUCIBILITY_AUDIT.md,1188,237839ae65729587c396dd678abf50db90fc8b656842439e36436fb18699de2e
audit/FABRICATION_AUDIT.md,2553,3381fd79cbfa4e4193a8808e4b4c1330bc569ecb9f3fc099701c71e6fbcab930
audit/CRST_FORMAT_LANGUAGE_AUDIT.md,2482,0f47992fa4ce5f28a9661fa629c06c7b90c3400d02af68dce3d5551c99d8d649
audit/FINAL_HOSTILE_REVIEW.md,3910,1ffd2efb7333575a66de1c9b31c8ab8b5099916af5c1e94de11086a92e7e2e3c
audit/fresh_reproduction_comparison.csv,11079,29de910253cf5263e37f2dfca96069c17d4573a7c62c130294a14654d903020a
repository_README.md,4331,b9996444d8f422c4003a2bdf6b2266f7d76401cc43379f29273a0c4f034fda68
analysis_freeze.yaml,875,d5166f1bebeb3ffb629c7273dd7d7443bab3051ef77e435635848608b80f07b0
PROJECT_STATE.json,7523,70b1c8122a4be1a873bf00f820998d309d714f1ff3e216811f2940562147c0d4
figures/png/figure_1_conceptual_model.png,116078,df60d7813c06ccdd9aaa470f0e9ae7fbffe053be8116a969e5462fe1e630ad67
figures/png/figure_2_weather_scenarios.png,245012,5ddb00be11e3d510dcde34714f0cecfdcbf3265cb2211f63d487d94d7fcb74bf
figures/png/figure_3_primary_pareto_comparison.png,203985,f63aa141f48939a409dba1a36eafca9a0aefc9147c00dd30a8c5ce24955010c6
figures/png/figure_4_selected_graded_profile.png,183364,3414242224ab50e63ff1c4be58efcfd390c699de97701fb83e942745a89f87f4
figures/png/figure_5_ablation_pareto_fronts.png,121507,031c1e1402d1f849cad34eccb96ea4b6c7c725d0d4cd3a7a6027d27a517ba4b3
figures/png/figure_6_numerical_convergence.png,250794,3d37808d7b42a39d8f901b46b26e5d16b71ddea5d053bdbd3fbc3d0211c253a3
figures/png/figure_7_sensitivity.png,386846,8114a5ec3f28bd2361ad31f3e0dd42bebfcc2f50c25e8f66404fb2003b062715
figures/png/figure_8_monte_carlo_robustness.png,218993,613a25115963a869c6164bf71d7ab87a5d992e3710fbd56201d601a89cb1fa8c
figures/png/figure_9_decision_phase_diagram.png,171797,f63fe5ca1994d0fb13cf5dede914445c1eb77f683a2ff2062d12c1cc31e90dbf
figures/tiff/figure_1_conceptual_model.tiff,1240900,7be0da3364c09ac1948c5c891e87602b52a60134ff962644a94e959315d8108e
figures/tiff/figure_2_weather_scenarios.tiff,2193226,83a3b04989a254926f240cb64d56dabf1dec31931965bbb7de751fa30f6b8e85
figures/tiff/figure_3_primary_pareto_comparison.tiff,2906772,a6c2071e98a81f691e9b2d72959a31c2c676ad2cf2b6c36aea8f47ad10219fce
figures/tiff/figure_4_selected_graded_profile.tiff,2598690,8c9313a64c0192698f37c02ca3ad28b625712b868cc0387d4b446149c68c4f67
figures/tiff/figure_5_ablation_pareto_fronts.tiff,1612550,97c10528f105de7b6ef6837fb1079147d1e0ab9edda6d7ca2a3c3119acbba519
figures/tiff/figure_6_numerical_convergence.tiff,3773222,f5a334cd34f9415ce68fc8c1c4676d06f3bf7ca23bdc071a1b067d688024a075
figures/tiff/figure_7_sensitivity.tiff,5144932,f7049fba8c739c3052bee81a79665312fa5738a3af7e6f363906ac542b4bce83
figures/tiff/figure_8_monte_carlo_robustness.tiff,3621462,bc5400409444d21ca3f7ee68af0cfef4a340e92511e5b1c6afd8bfdfe6dafd46
figures/tiff/figure_9_decision_phase_diagram.tiff,2404570,107ddcf2183838c99ae4e491092d7726e901c56b791c6d4e27bfca458c24a998
figures/vector/figure_1_conceptual_model.eps,25213,e31aeb8ab92c4bf849f0f65f5bc8371f74daf5aa1e3ffe3bab43407cd5219109
figures/vector/figure_1_conceptual_model.pdf,15484,b496ed1813fd07cf87bb729194613720b0c2bbe9fec936ea66a307e8c3768431
figures/vector/figure_1_conceptual_model.svg,33222,9a8d830336ce2b48e0a6d73abe5022b63e6964c86a5e62bf821ee28f8a1774f6
figures/vector/figure_2_weather_scenarios.eps,45692,1e0574ce0f26d240bb0b4b9b4a4cfd0042b041ca4732c463fc698cb89ee9d606
figures/vector/figure_2_weather_scenarios.pdf,21657,f5be89191b9d976b2d0a18011f2f559c0c5ac465bfe59c31839ff4e3bcc0f171
figures/vector/figure_2_weather_scenarios.svg,57016,bda24df3f1bc947543178760b91949aec5f944688af60c3ebe5f5b384cb108e2
figures/vector/figure_3_primary_pareto_comparison.eps,41804,e064ee2fc4ae2a0cc68204f05e753e0927186b04aab0541249ca395bc0bb99c7
figures/vector/figure_3_primary_pareto_comparison.pdf,20498,7af1c4cf8bd3c12c27191d287a385eec2cfca16da9906d0c08e81b819b198f33
figures/vector/figure_3_primary_pareto_comparison.svg,58127,b595d702b3e1099ddacf533fbb3e3df55d279978e70a1559f8d9f486904bdb03
figures/vector/figure_4_selected_graded_profile.eps,33637,cfb74dbab3149fb9fe9c09f422a6a211dda8ac83da124ab71934160e27525b38
figures/vector/figure_4_selected_graded_profile.pdf,15232,c415787e5ae5ac0202aeb4d07852d27278a4399121b107a6a5427777d4f0a5f7
figures/vector/figure_4_selected_graded_profile.svg,43235,e766c90803f8970da79aeeb0b596a3fdf91766d44d1ada2e632d0d160e6a6a99
figures/vector/figure_5_ablation_pareto_fronts.eps,29313,1f6b5bc13298108a403f1bf4d4728e025dae7396c27ac159510f4d359d344faa
figures/vector/figure_5_ablation_pareto_fronts.pdf,17686,0fdc1d1a920b472e64dc414ef137f64bb6b423265407d0be7c35e8c1920a4080
figures/vector/figure_5_ablation_pareto_fronts.svg,34415,5b036697973956a13b0eb3eca8eb4c6d68a9683dc3baf36c170024a1b41d9dd7
figures/vector/figure_6_numerical_convergence.eps,58682,caf206f5136ae5187f3b398c512b7afee21a2a872981e056b3580b094f62f278
figures/vector/figure_6_numerical_convergence.pdf,22529,842c097fac183853226ee1dc49ae936701242c61fd221c31b87d346a5eaa8db3
figures/vector/figure_6_numerical_convergence.svg,73151,27e6acf31c136fc2106eedd94a633c4553832bf6b65c441ef1cb67746831d40f
figures/vector/figure_7_sensitivity.eps,70156,dbb7d4f0e10f41e02bb8833ff1612730c9fc826b31adeb16f3341331eea6d6ab
figures/vector/figure_7_sensitivity.pdf,20924,c71489d9f391ce31ee7622a3133ef4245b8618a66a747d61fac5cd4f4c2d02c5
figures/vector/figure_7_sensitivity.svg,100973,afd49ac4060e1948103e4705302c6d08a187273101426dc69f59c1d703c97cee
figures/vector/figure_8_monte_carlo_robustness.eps,51113,9c77054af09741bbeb3a6e4a31f2f5d29a4c84c678b529c64edc7788b22c2009
figures/vector/figure_8_monte_carlo_robustness.pdf,18784,ae3f4096fd14b03ccea3a5976c03f308012e225e318ec1a093356b33b2e67731
figures/vector/figure_8_monte_carlo_robustness.svg,68202,8099a0b6ea0444431e53d00adf7571f275658b71c48b63659127829885b01f9f
figures/vector/figure_9_decision_phase_diagram.eps,44861,a3652c1092824efd1bc178a415a07b108d7238c7a22f38bdb1f7a4f7e1d6be17
figures/vector/figure_9_decision_phase_diagram.pdf,22661,3f9d0510250c3aebb5ba4a13737b59f80f7b9ac4af520cd57f57fc6e598699ca
figures/vector/figure_9_decision_phase_diagram.svg,56540,e2992b1563e3f246f099df4d112d43fea404d90f97126f70bd1c8e0f88b5c62f
tables/generated/supplement_optimizer_stochasticity.csv,796,6b09223004b0ab810ccfe2420775eef0e2e84a983f2c9f03f9bef6a8aa5e42c0
tables/generated/table_1_pareto_summary.csv,688,c87c8a817d7169a7db16f56a96cbc3d6b36de777f3e5fc27e4ca7f37fcb6c2b1
tables/generated/table_2_selected_profile.csv,2302,91d127264fb029120985aef5d448e3efa63c936484951985b3d9a22b395fc74d
tables/generated/table_3_discretization.csv,1393,c75a015ad21a2b848084e4b4e47b998516720c3d3a979a83e47f8a768ae7b98d
tables/generated/table_4_strategy_phase_diagram.csv,8688,7de36288db81eb9d5c2e4f68f7c7f5f6de1a75a819ccdc391073c249d51986cb
tables/generated/table_5_labor_scarcity.csv,532,803718efe92640c44fb710cfdc2e94264a64db8f89431056eef6b7ba216cb582
tables/generated/table_6_complexity_analysis.csv,737181,6dcb5e413ee75bd1e2797b50835309fc9c5186d12c62ed2d37384198bb326d16
tables/generated/table_7_complexity_penalty.csv,681,f51284a09735bb1eff47669adbdc6da66c4e01ee22e38878f09b9a0b26d6c079
tables/generated/table_8_robustness_summary.csv,5986,ae0e5b39399176b956135e75d46effe5efa5f89fe9b2f5ac5754b502e31f2eb6
tables/generated/table_9_jma_daily_evaluation.csv,2456,ac86877ba1c577ea5bdae5567c09c4d2db15fb50a4ecc40f41f2947bdfcb201b
